{
  "metadata": {
    "description": "FBref team name mappings for 3. Liga",
    "source": "https://fbref.com/en/comps/59/3-Liga-Stats",
    "created_at": "2025-11-08",
    "notes": "FBref uses English transliterations and different naming conventions than German sources. This maps FBref names to database standard names."
  },
  "fbref_to_standard": {
    "Aachen": "Alemannia Aachen",
    "Aalen": "VfR Aalen",
    "Arminia Bielefeld": "Arminia Bielefeld",
    "Erzgebirge Aue": "Erzgebirge Aue",
    "Bayreuth": "SpVgg Bayreuth",
    "Bayern Munich II": "FC Bayern München II",
    "Bielefeld": "Arminia Bielefeld",
    "Braunschweig": "Eintracht Braunschweig",
    "BTSV": "Eintracht Braunschweig",
    "Burghausen": "Wacker Burghausen",
    "Carl Zeiss Jena": "FC Carl Zeiss Jena",
    "Chemnitzer FC": "Chemnitzer FC",
    "Cottbus": "Energie Cottbus",
    "Darmstadt 98": "SV Darmstadt 98",
    "Dortmund II": "Borussia Dortmund II",
    "Dresden": "Dynamo Dresden",
    "Duisburg": "MSV Duisburg",
    "Dynamo Dresden": "Dynamo Dresden",
    "Elversberg": "SV 07 Elversberg",
    "Energie Cottbus": "Energie Cottbus",
    "Erfurt": "FC Rot-Weiß Erfurt",
    "Essen": "Rot-Weiss Essen",
    "FC Viktoria 1889 Berlin": "FC Viktoria 1889 Berlin",
    "Fortuna Koln": "Fortuna Köln",
    "Fortuna Köln": "Fortuna Köln",
    "Frankfurt": "FSV Frankfurt",
    "Freiburg II": "SC Freiburg II",
    "Großaspach": "SG Sonnenhof Großaspach",
    "Hallescher": "Hallescher FC",
    "Hansa Rostock": "Hansa Rostock",
    "Havelse": "TSV Havelse",
    "Heidenheim": "1. FC Heidenheim 1846",
    "Hoffenheim II": "TSG 1899 Hoffenheim II",
    "Holstein Kiel": "Holstein Kiel",
    "Ingolstadt 04": "FC Ingolstadt 04",
    "Jahn Regensburg": "Jahn Regensburg",
    "Jahn R'burg": "Jahn Regensburg",
    "Kaiserslautern": "1. FC Kaiserslautern",
    "Karlsruhe": "Karlsruher SC",
    "Kickers Offenbach": "Kickers Offenbach",
    "Koblenz": "TuS Koblenz",
    "Lubeck": "VfB Lübeck",
    "Magdeburg": "1. FC Magdeburg",
    "Mainz 05 II": "1. FSV Mainz 05 II",
    "Mannheim": "SV Waldhof Mannheim",
    "Meppen": "SV Meppen",
    "Munich 1860": "TSV 1860 München",
    "1860 Munich": "TSV 1860 München",
    "Munster": "Preußen Münster",
    "Oberhausen": "Rot-Weiss Oberhausen",
    "Offenbach": "Kickers Offenbach",
    "Oldenburg": "VfB Oldenburg",
    "Osnabruck": "VfL Osnabrück",
    "Paderborn 07": "SC Paderborn 07",
    "Preussen Munster": "Preußen Münster",
    "RB Leipzig": "RB Leipzig",
    "RW Essen": "Rot-Weiss Essen",
    "Regensburg": "Jahn Regensburg",
    "Rot-Weiss Ahlen": "Rot-Weiss Ahlen",
    "Rot-Weiss Erfurt": "FC Rot-Weiß Erfurt",
    "Saarbrucken": "1. FC Saarbrücken",
    "Sandhausen": "SV Sandhausen",
    "Schweinfurt": "1. FC Schweinfurt 05",
    "Sportfreunde Lotte": "Sportfreunde Lotte",
    "Stuttgart II": "VfB Stuttgart II",
    "Stuttgarter Kickers": "Stuttgarter Kickers",
    "TSV 1860 Munich": "TSV 1860 München",
    "Turkgucu Munich": "Türkgücü München",
    "Uerdingen": "KFC Uerdingen 05",
    "Ulm": "SSV Ulm 1846",
    "Unterhaching": "SpVgg Unterhaching",
    "VfB Lubeck": "VfB Lübeck",
    "VfB Oldenburg": "VfB Oldenburg",
    "VfB Stuttgart II": "VfB Stuttgart II",
    "VfL Osnabruck": "VfL Osnabrück",
    "VfR Aalen": "VfR Aalen",
    "Verl": "SC Verl",
    "Viktoria Berlin": "FC Viktoria 1889 Berlin",
    "Viktoria Koln": "Viktoria Köln",
    "Viktoria Köln": "Viktoria Köln",
    "Wacker Burghausen": "Wacker Burghausen",
    "Waldhof Mannheim": "SV Waldhof Mannheim",
    "SV Waldhof": "SV Waldhof Mannheim",
    "Arminia": "Arminia Bielefeld",
    "Wehen Wiesbaden": "SV Wehen Wiesbaden",
    "Werder Bremen II": "Werder Bremen II",
    "Wuppertaler SV": "Wuppertaler SV",
    "Wurzburger Kickers": "Würzburger Kickers",
    "W'burg Kickers": "Würzburger Kickers",
    "Zwickau": "FSV Zwickau"
  },
  "notes": [
    "FBref typically uses English ASCII transliterations:",
    "- München → Munich",
    "- Münster → Munster",
    "- Köln → Koln",
    "- Würzburger → Wurzburger",
    "- Saarbrücken → Saarbrucken",
    "- Lübeck → Lubeck",
    "- Osnabrück → Osnabruck",
    "- Türkgücü → Turkgucu",
    "",
    "Reserve teams often use 'II' notation:",
    "- Bayern Munich II (not Bayern München II)",
    "- Dortmund II",
    "- Stuttgart II",
    "",
    "Some teams use shortened names:",
    "- Bielefeld (Arminia Bielefeld)",
    "- Braunschweig (Eintracht Braunschweig)",
    "- Dresden (Dynamo Dresden)",
    "",
    "This mapping will be validated and updated during first scraper run."
  ]
}
