fotmob_match_id,season,round,round_name,home_team,home_team_id,away_team,away_team_id,finished,match_date,home_score,away_score,home_possession,away_possession,home_shots_total,away_shots_total,home_shots_on_target,away_shots_on_target,home_shots_off_target,away_shots_off_target,home_big_chances,away_big_chances,home_big_chances_missed,away_big_chances_missed,home_passes,away_passes,home_passes_accurate,away_passes_accurate,home_pass_accuracy_pct,away_pass_accuracy_pct,home_touches_opp_box,away_touches_opp_box,home_corners,away_corners,home_tackles,away_tackles,home_interceptions,away_interceptions,home_clearances,away_clearances,home_keeper_saves,away_keeper_saves,home_duels_won,away_duels_won,home_aerials_won,away_aerials_won,home_fouls,away_fouls,home_yellow_cards,away_yellow_cards,home_red_cards,away_red_cards,has_stats
860288,2010-2011,1,1,Kickers Offenbach,8407,Saarbrücken,8271,True,2010-07-23T18:15:00Z,2,0,45.0,55.0,7.0,7.0,4.0,4.0,,,,,,,,,,,,,,,0.0,9.0,,,,,,,,,,,,,11.0,10.0,,,,,True
860295,2010-2011,1,1,Burghausen,8408,Sandhausen,8086,True,2010-07-24T12:00:00Z,1,4,,,,,,,,,,,,,,,,,,,,,,,,,,,,,,,,,,,,,,,,,False
860308,2010-2011,1,1,Carl Zeiss Jena,8320,FC Heidenheim,94937,True,2010-07-24T12:00:00Z,2,1,,,,,,,,,,,,,,,,,,,,,,,,,,,,,,,,,,,,,,,,,False
860292,2010-2011,1,1,Eintracht Braunschweig,9776,Dynamo Dresden,8480,True,2010-07-24T12:00:00Z,2,1,,,,,,,,,,,,,,,,,,,,,,,,,,,,,,,,,,,,,,,,,False
860306,2010-2011,1,1,Hansa Rostock,8294,Aalen,8233,True,2010-07-24T12:00:00Z,3,0,30.0,70.0,4.0,20.0,0.0,7.0,1.0,4.0,0.0,4.0,0.0,2.0,263.0,632.0,159.0,522.0,60.0,83.0,6.0,32.0,1.0,6.0,11.0,15.0,14.0,11.0,16.0,18.0,5.0,0.0,40.0,47.0,14.0,12.0,16.0,15.0,3.0,1.0,0.0,0.0,True
860300,2010-2011,1,1,Unterhaching,8486,Wehen Wiesbaden,8196,True,2010-07-24T12:00:00Z,0,1,34.0,66.0,16.0,14.0,8.0,3.0,6.0,6.0,6.0,0.0,3.0,0.0,256.0,506.0,196.0,432.0,77.0,85.0,26.0,25.0,5.0,11.0,18.0,9.0,11.0,9.0,45.0,14.0,3.0,5.0,51.0,38.0,18.0,13.0,11.0,10.0,2.0,2.0,0.0,0.0,True
860311,2010-2011,1,1,VfB Stuttgart II,8458,RW Erfurt,8148,True,2010-07-24T12:00:00Z,3,1,,,,,,,,,,,,,,,,,,,,,,,,,,,,,,,,,,,,,,,,,False
860301,2010-2011,1,1,Werder Bremen II,8162,Jahn Regensburg,7789,True,2010-07-24T12:00:00Z,0,1,53.0,47.0,17.0,21.0,9.0,6.0,5.0,8.0,2.0,2.0,0.0,0.0,352.0,314.0,276.0,222.0,78.0,71.0,28.0,38.0,11.0,7.0,12.0,21.0,10.0,7.0,27.0,28.0,3.0,5.0,46.0,56.0,18.0,15.0,14.0,16.0,5.0,5.0,0.0,0.0,True
860302,2010-2011,1,1,TuS Koblenz,8318,RW Ahlen,8147,True,2010-07-24T12:05:00Z,0,0,,,,,,,,,,,,,,,,,,,,,,,,,,,,,,,,,,,,,,,,,False
860297,2010-2011,1,1,Babelsberg,7775,Bayern München II,8264,True,2010-07-25T12:00:00Z,1,0,,,,,,,,,,,,,,,,,,,,,,,,,,,,,,,,,,,,,,,,,False
860321,2010-2011,2,2,Aalen,8233,TuS Koblenz,8318,True,2010-07-31T12:00:00Z,1,2,30.0,70.0,4.0,20.0,0.0,7.0,1.0,4.0,0.0,4.0,0.0,2.0,263.0,632.0,159.0,522.0,60.0,83.0,6.0,32.0,1.0,6.0,11.0,15.0,14.0,11.0,16.0,18.0,5.0,0.0,40.0,47.0,14.0,12.0,16.0,15.0,3.0,1.0,0.0,0.0,True
860334,2010-2011,2,2,Bayern München II,8264,Burghausen,8408,True,2010-07-31T12:00:00Z,1,1,,,,,,,,,,,,,,,,,,,,,,,,,,,,,,,,,,,,,,,,,False
860338,2010-2011,2,2,Dynamo Dresden,8480,Carl Zeiss Jena,8320,True,2010-07-31T12:00:00Z,2,0,,,,,,,,,,,,,,,,,,,,,,,,,,,,,,,,,,,,,,,,,False
860340,2010-2011,2,2,FC Heidenheim,94937,VfB Stuttgart II,8458,True,2010-07-31T12:00:00Z,0,0,41.0,59.0,7.0,19.0,3.0,4.0,3.0,9.0,2.0,2.0,1.0,0.0,299.0,420.0,231.0,362.0,77.0,86.0,13.0,37.0,5.0,9.0,27.0,13.0,5.0,8.0,31.0,13.0,1.0,2.0,55.0,55.0,10.0,2.0,21.0,11.0,7.0,5.0,0.0,0.0,True
860325,2010-2011,2,2,RW Ahlen,8147,Werder Bremen II,8162,True,2010-07-31T12:00:00Z,1,1,,,,,,,,,,,,,,,,,,,,,,,,,,,,,,,,,,,,,,,,,False
860337,2010-2011,2,2,Saarbrücken,8271,Eintracht Braunschweig,9776,True,2010-07-31T12:00:00Z,0,3,45.0,55.0,27.0,17.0,7.0,7.0,10.0,6.0,6.0,5.0,5.0,3.0,493.0,634.0,386.0,492.0,78.0,78.0,33.0,27.0,6.0,6.0,15.0,17.0,14.0,4.0,44.0,41.0,5.0,5.0,78.0,59.0,26.0,26.0,13.0,22.0,1.0,3.0,0.0,1.0,True
860335,2010-2011,2,2,Sandhausen,8086,Kickers Offenbach,8407,True,2010-07-31T12:00:00Z,0,2,,,,,,,,,,,,,,,,,,,,,,,,,,,,,,,,,,,,,,,,,False
860327,2010-2011,2,2,Jahn Regensburg,7789,Unterhaching,8486,True,2010-07-31T12:10:00Z,3,0,57.0,43.0,11.0,17.0,3.0,7.0,4.0,7.0,0.0,2.0,0.0,1.0,421.0,322.0,296.0,216.0,70.0,67.0,26.0,22.0,9.0,3.0,6.0,14.0,8.0,6.0,9.0,33.0,5.0,3.0,41.0,49.0,16.0,25.0,9.0,15.0,2.0,4.0,0.0,0.0,True
860341,2010-2011,2,2,RW Erfurt,8148,Hansa Rostock,8294,True,2010-08-01T12:00:00Z,0,1,,,,,,,,,,,,,,,,,,,,,,,,,,,,,,,,,,,,,,,,,False
860332,2010-2011,2,2,Wehen Wiesbaden,8196,Babelsberg,7775,True,2010-08-01T12:00:00Z,1,0,,,,,,,,,,,,,,,,,,,,,,,,,,,,,,,,,,,,,,,,,False
860346,2010-2011,3,3,Eintracht Braunschweig,9776,Sandhausen,8086,True,2010-08-03T17:00:00Z,2,0,47.0,53.0,12.0,12.0,6.0,5.0,6.0,3.0,6.0,3.0,4.0,2.0,327.0,365.0,215.0,255.0,66.0,70.0,,,3.0,12.0,11.0,21.0,12.0,11.0,31.0,24.0,4.0,4.0,42.0,74.0,19.0,29.0,15.0,8.0,1.0,0.0,0.0,0.0,True
860347,2010-2011,3,3,Kickers Offenbach,8407,Bayern München II,8264,True,2010-08-03T17:00:00Z,4,1,,,,,,,,,,,,,,,,,,,,,,,,,,,,,,,,,,,,,,,,,False
860357,2010-2011,3,3,Unterhaching,8486,RW Ahlen,8147,True,2010-08-03T17:00:00Z,0,0,,,,,,,,,,,,,,,,,,,,,,,,,,,,,,,,,,,,,,,,,False
860365,2010-2011,3,3,Werder Bremen II,8162,Aalen,8233,True,2010-08-03T17:00:00Z,1,1,,,,,,,,,,,,,,,,,,,,,,,,,,,,,,,,,,,,,,,,,False
860372,2010-2011,3,3,FC Heidenheim,94937,Dynamo Dresden,8480,True,2010-08-04T16:30:00Z,3,0,40.0,60.0,11.0,7.0,2.0,1.0,8.0,2.0,2.0,0.0,1.0,0.0,369.0,554.0,276.0,447.0,75.0,81.0,15.0,24.0,0.0,5.0,18.0,11.0,8.0,9.0,24.0,12.0,0.0,1.0,59.0,57.0,20.0,30.0,10.0,7.0,1.0,5.0,0.0,0.0,True
860353,2010-2011,3,3,Babelsberg,7775,Jahn Regensburg,7789,True,2010-08-04T17:00:00Z,0,1,,,,,,,,,,,,,,,,,,,,,,,,,,,,,,,,,,,,,,,,,False
860350,2010-2011,3,3,Burghausen,8408,Wehen Wiesbaden,8196,True,2010-08-04T17:00:00Z,1,1,50.0,50.0,16.0,9.0,1.0,6.0,8.0,3.0,0.0,3.0,0.0,1.0,368.0,373.0,252.0,257.0,68.0,69.0,20.0,10.0,8.0,2.0,10.0,22.0,7.0,9.0,25.0,29.0,4.0,1.0,47.0,62.0,19.0,18.0,21.0,12.0,1.0,2.0,0.0,0.0,True
860369,2010-2011,3,3,TuS Koblenz,8318,RW Erfurt,8148,True,2010-08-04T17:00:00Z,1,1,,,,,,,,,,,,,,,,,,,,,,,,,,,,,,,,,,,,,,,,,False
860344,2010-2011,3,3,VfB Stuttgart II,8458,Hansa Rostock,8294,True,2010-08-04T17:00:00Z,3,0,,,,,,,,,,,,,,,,,,,,,,,,,,,,,,,,,,,,,,,,,False
860390,2010-2011,4,4,Dynamo Dresden,8480,VfB Stuttgart II,8458,True,2010-08-07T12:00:00Z,1,1,36.0,64.0,9.0,15.0,3.0,4.0,2.0,6.0,0.0,1.0,0.0,0.0,293.0,502.0,204.0,399.0,70.0,79.0,15.0,40.0,2.0,11.0,31.0,19.0,11.0,6.0,51.0,17.0,2.0,1.0,73.0,63.0,24.0,23.0,15.0,15.0,7.0,3.0,1.0,0.0,True
860383,2010-2011,4,4,Jahn Regensburg,7789,Burghausen,8408,True,2010-08-07T12:00:00Z,2,0,53.0,47.0,17.0,21.0,9.0,6.0,5.0,8.0,2.0,2.0,0.0,0.0,352.0,314.0,276.0,222.0,78.0,71.0,28.0,38.0,11.0,7.0,12.0,21.0,10.0,7.0,27.0,28.0,3.0,5.0,46.0,56.0,18.0,15.0,14.0,16.0,5.0,5.0,0.0,0.0,True
860382,2010-2011,4,4,RW Ahlen,8147,Babelsberg,7775,True,2010-08-07T12:00:00Z,0,2,,,,,,,,,,,,,,,,,,,,,,,,,,,,,,,,,,,,,,,,,False
860392,2010-2011,4,4,RW Erfurt,8148,Werder Bremen II,8162,True,2010-08-07T12:00:00Z,2,1,,,,,,,,,,,,,,,,,,,,,,,,,,,,,,,,,,,,,,,,,False
860389,2010-2011,4,4,Saarbrücken,8271,FC Heidenheim,94937,True,2010-08-07T12:00:00Z,3,4,45.0,55.0,7.0,7.0,4.0,4.0,,,,,,,,,,,,,,,0.0,9.0,,,,,,,,,,,,,11.0,10.0,,,,,True
860388,2010-2011,4,4,Sandhausen,8086,Carl Zeiss Jena,8320,True,2010-08-07T12:00:00Z,0,2,,,,,,,,,,,,,,,,,,,,,,,,,,,,,,,,,,,,,,,,,False
860384,2010-2011,4,4,Wehen Wiesbaden,8196,Kickers Offenbach,8407,True,2010-08-07T12:00:00Z,1,2,50.0,50.0,16.0,9.0,1.0,6.0,8.0,3.0,0.0,3.0,0.0,1.0,368.0,373.0,252.0,257.0,68.0,69.0,20.0,10.0,8.0,2.0,10.0,22.0,7.0,9.0,25.0,29.0,4.0,1.0,47.0,62.0,19.0,18.0,21.0,12.0,1.0,2.0,0.0,0.0,True
860379,2010-2011,4,4,Aalen,8233,Unterhaching,8486,True,2010-08-08T12:00:00Z,0,0,30.0,70.0,4.0,20.0,0.0,7.0,1.0,4.0,0.0,4.0,0.0,2.0,263.0,632.0,159.0,522.0,60.0,83.0,6.0,32.0,1.0,6.0,11.0,15.0,14.0,11.0,16.0,18.0,5.0,0.0,40.0,47.0,14.0,12.0,16.0,15.0,3.0,1.0,0.0,0.0,True
860391,2010-2011,4,4,Hansa Rostock,8294,TuS Koblenz,8318,True,2010-08-08T12:00:00Z,2,0,40.0,60.0,20.0,12.0,9.0,4.0,5.0,3.0,1.0,3.0,1.0,1.0,322.0,505.0,257.0,441.0,80.0,87.0,29.0,18.0,8.0,5.0,13.0,7.0,8.0,3.0,19.0,23.0,2.0,5.0,41.0,42.0,16.0,7.0,19.0,10.0,2.0,1.0,0.0,0.0,True
860374,2010-2011,3,3,Carl Zeiss Jena,8320,Saarbrücken,8271,True,2010-08-11T17:00:00Z,0,7,45.0,55.0,7.0,7.0,4.0,4.0,,,,,,,,,,,,,,,0.0,9.0,,,,,,,,,,,,,11.0,10.0,,,,,True
860395,2010-2011,5,5,VfB Stuttgart II,8458,TuS Koblenz,8318,True,2010-08-20T17:00:00Z,1,2,,,,,,,,,,,,,,,,,,,,,,,,,,,,,,,,,,,,,,,,,False
860407,2010-2011,5,5,Dynamo Dresden,8480,Saarbrücken,8271,True,2010-08-20T17:15:00Z,3,0,64.0,36.0,17.0,15.0,8.0,7.0,3.0,5.0,0.0,5.0,0.0,5.0,521.0,297.0,424.0,216.0,81.0,73.0,35.0,22.0,5.0,3.0,17.0,13.0,8.0,14.0,15.0,21.0,4.0,6.0,60.0,50.0,26.0,22.0,11.0,11.0,6.0,3.0,0.0,0.0,True
860401,2010-2011,5,5,Babelsberg,7775,Aalen,8233,True,2010-08-21T12:00:00Z,3,1,,,,,,,,,,,,,,,,,,,,,,,,,,,,,,,,,,,,,,,,,False
860400,2010-2011,5,5,Burghausen,8408,RW Ahlen,8147,True,2010-08-21T12:00:00Z,1,1,,,,,,,,,,,,,,,,,,,,,,,,,,,,,,,,,,,,,,,,,False
860412,2010-2011,5,5,Carl Zeiss Jena,8320,Bayern München II,8264,True,2010-08-21T12:00:00Z,1,1,,,,,,,,,,,,,,,,,,,,,,,,,,,,,,,,,,,,,,,,,False
860397,2010-2011,5,5,Eintracht Braunschweig,9776,Wehen Wiesbaden,8196,True,2010-08-21T12:00:00Z,1,2,37.0,63.0,12.0,14.0,6.0,3.0,3.0,7.0,4.0,1.0,3.0,1.0,296.0,513.0,199.0,399.0,67.0,78.0,8.0,26.0,3.0,8.0,11.0,23.0,14.0,7.0,27.0,13.0,3.0,5.0,48.0,52.0,17.0,16.0,8.0,14.0,3.0,1.0,0.0,0.0,True
860410,2010-2011,5,5,FC Heidenheim,94937,Sandhausen,8086,True,2010-08-21T12:00:00Z,1,1,60.0,40.0,21.0,3.0,6.0,0.0,9.0,3.0,4.0,1.0,4.0,1.0,465.0,321.0,354.0,205.0,76.0,64.0,,,13.0,1.0,13.0,16.0,3.0,3.0,8.0,35.0,0.0,5.0,60.0,49.0,28.0,23.0,9.0,12.0,2.0,3.0,0.0,0.0,True
860398,2010-2011,5,5,Kickers Offenbach,8407,Jahn Regensburg,7789,True,2010-08-21T12:00:00Z,2,1,53.0,47.0,17.0,21.0,9.0,6.0,5.0,8.0,2.0,2.0,0.0,0.0,352.0,314.0,276.0,222.0,78.0,71.0,28.0,38.0,11.0,7.0,12.0,21.0,10.0,7.0,27.0,28.0,3.0,5.0,46.0,56.0,18.0,15.0,14.0,16.0,5.0,5.0,0.0,0.0,True
860404,2010-2011,5,5,Unterhaching,8486,RW Erfurt,8148,True,2010-08-21T12:00:00Z,3,1,,,,,,,,,,,,,,,,,,,,,,,,,,,,,,,,,,,,,,,,,False
860406,2010-2011,5,5,Werder Bremen II,8162,Hansa Rostock,8294,True,2010-08-21T12:00:00Z,0,2,,,,,,,,,,,,,,,,,,,,,,,,,,,,,,,,,,,,,,,,,False
860387,2010-2011,4,4,Bayern München II,8264,Eintracht Braunschweig,9776,True,2010-08-25T17:00:00Z,1,0,,,,,,,,,,,,,,,,,,,,,,,,,,,,,,,,,,,,,,,,,False
860443,2010-2011,6,6,TuS Koblenz,8318,Werder Bremen II,8162,True,2010-08-27T17:00:00Z,0,0,,,,,,,,,,,,,,,,,,,,,,,,,,,,,,,,,,,,,,,,,False
860414,2010-2011,6,6,Aalen,8233,Burghausen,8408,True,2010-08-28T12:00:00Z,1,0,30.0,70.0,4.0,20.0,0.0,7.0,1.0,4.0,0.0,4.0,0.0,2.0,263.0,632.0,159.0,522.0,60.0,83.0,6.0,32.0,1.0,6.0,11.0,15.0,14.0,11.0,16.0,18.0,5.0,0.0,40.0,47.0,14.0,12.0,16.0,15.0,3.0,1.0,0.0,0.0,True
860433,2010-2011,6,6,Bayern München II,8264,FC Heidenheim,94937,True,2010-08-28T12:00:00Z,2,3,,,,,,,,,,,,,,,,,,,,,,,,,,,,,,,,,,,,,,,,,False
860446,2010-2011,6,6,Hansa Rostock,8294,Unterhaching,8486,True,2010-08-28T12:00:00Z,7,2,35.0,65.0,7.0,16.0,2.0,5.0,4.0,4.0,1.0,1.0,1.0,0.0,316.0,581.0,228.0,494.0,72.0,85.0,8.0,35.0,3.0,1.0,14.0,12.0,8.0,12.0,28.0,23.0,3.0,2.0,30.0,56.0,9.0,19.0,15.0,7.0,2.0,0.0,0.0,0.0,True
860426,2010-2011,6,6,Jahn Regensburg,7789,Eintracht Braunschweig,9776,True,2010-08-28T12:00:00Z,0,3,46.0,54.0,7.0,8.0,4.0,4.0,3.0,3.0,2.0,1.0,1.0,0.0,318.0,397.0,200.0,280.0,63.0,71.0,15.0,11.0,7.0,1.0,22.0,16.0,9.0,9.0,27.0,43.0,3.0,3.0,74.0,58.0,33.0,27.0,12.0,11.0,1.0,2.0,0.0,0.0,True
860416,2010-2011,6,6,RW Ahlen,8147,Kickers Offenbach,8407,True,2010-08-28T12:00:00Z,3,3,,,,,,,,,,,,,,,,,,,,,,,,,,,,,,,,,,,,,,,,,False
860448,2010-2011,6,6,RW Erfurt,8148,Babelsberg,7775,True,2010-08-28T12:00:00Z,4,2,,,,,,,,,,,,,,,,,,,,,,,,,,,,,,,,,,,,,,,,,False
860439,2010-2011,6,6,Saarbrücken,8271,VfB Stuttgart II,8458,True,2010-08-28T12:00:00Z,1,0,62.0,38.0,18.0,14.0,3.0,5.0,10.0,3.0,2.0,3.0,2.0,1.0,537.0,330.0,470.0,254.0,88.0,77.0,23.0,22.0,4.0,4.0,22.0,22.0,10.0,7.0,19.0,36.0,2.0,2.0,54.0,58.0,9.0,14.0,17.0,17.0,1.0,4.0,0.0,0.0,True
860436,2010-2011,6,6,Sandhausen,8086,Dynamo Dresden,8480,True,2010-08-28T12:00:00Z,4,1,67.0,33.0,18.0,8.0,6.0,4.0,6.0,1.0,3.0,1.0,2.0,0.0,562.0,278.0,484.0,196.0,86.0,71.0,28.0,13.0,4.0,2.0,17.0,14.0,7.0,11.0,11.0,36.0,3.0,4.0,54.0,45.0,17.0,16.0,9.0,17.0,2.0,2.0,0.0,0.0,True
860432,2010-2011,6,6,Wehen Wiesbaden,8196,Carl Zeiss Jena,8320,True,2010-08-29T12:00:00Z,2,1,50.0,50.0,16.0,9.0,1.0,6.0,8.0,3.0,0.0,3.0,0.0,1.0,368.0,373.0,252.0,257.0,68.0,69.0,20.0,10.0,8.0,2.0,10.0,22.0,7.0,9.0,25.0,29.0,4.0,1.0,47.0,62.0,19.0,18.0,21.0,12.0,1.0,2.0,0.0,0.0,True
860460,2010-2011,7,7,Babelsberg,7775,Hansa Rostock,8294,True,2010-09-11T12:00:00Z,0,2,,,,,,,,,,,,,,,,,,,,,,,,,,,,,,,,,,,,,,,,,False
860458,2010-2011,7,7,Burghausen,8408,RW Erfurt,8148,True,2010-09-11T12:00:00Z,1,0,,,,,,,,,,,,,,,,,,,,,,,,,,,,,,,,,,,,,,,,,False
860469,2010-2011,7,7,Dynamo Dresden,8480,Bayern München II,8264,True,2010-09-11T12:00:00Z,3,1,44.0,56.0,10.0,10.0,4.0,5.0,4.0,2.0,1.0,0.0,1.0,0.0,401.0,521.0,286.0,409.0,71.0,79.0,26.0,15.0,5.0,5.0,13.0,14.0,21.0,9.0,11.0,23.0,4.0,3.0,45.0,68.0,17.0,26.0,13.0,11.0,1.0,3.0,0.0,0.0,True
860452,2010-2011,7,7,Eintracht Braunschweig,9776,RW Ahlen,8147,True,2010-09-11T12:00:00Z,2,0,,,,,,,,,,,,,,,,,,,,,,,,,,,,,,,,,,,,,,,,,False
860472,2010-2011,7,7,FC Heidenheim,94937,Wehen Wiesbaden,8196,True,2010-09-11T12:00:00Z,0,2,44.0,56.0,9.0,6.0,3.0,1.0,,,,,,,,,,,,,,,4.0,7.0,,,,,,,,,,,,,12.0,9.0,,,,,True
860453,2010-2011,7,7,Kickers Offenbach,8407,Aalen,8233,True,2010-09-11T12:00:00Z,2,0,30.0,70.0,4.0,20.0,0.0,7.0,1.0,4.0,0.0,4.0,0.0,2.0,263.0,632.0,159.0,522.0,60.0,83.0,6.0,32.0,1.0,6.0,11.0,15.0,14.0,11.0,16.0,18.0,5.0,0.0,40.0,47.0,14.0,12.0,16.0,15.0,3.0,1.0,0.0,0.0,True
860465,2010-2011,7,7,Saarbrücken,8271,Sandhausen,8086,True,2010-09-11T12:00:00Z,3,1,58.0,42.0,23.0,12.0,7.0,4.0,10.0,4.0,2.0,1.0,0.0,0.0,387.0,291.0,305.0,197.0,79.0,68.0,41.0,23.0,6.0,3.0,12.0,10.0,10.0,6.0,23.0,28.0,0.0,4.0,64.0,56.0,25.0,24.0,15.0,18.0,1.0,2.0,0.0,0.0,True
860463,2010-2011,7,7,Unterhaching,8486,TuS Koblenz,8318,True,2010-09-11T12:00:00Z,1,1,22.0,78.0,7.0,17.0,1.0,1.0,5.0,12.0,0.0,3.0,0.0,2.0,158.0,534.0,82.0,460.0,52.0,86.0,6.0,31.0,3.0,7.0,19.0,10.0,9.0,7.0,30.0,12.0,0.0,1.0,38.0,44.0,9.0,11.0,17.0,8.0,5.0,2.0,1.0,0.0,True
860449,2010-2011,7,7,VfB Stuttgart II,8458,Werder Bremen II,8162,True,2010-09-11T12:00:00Z,0,3,,,,,,,,,,,,,,,,,,,,,,,,,,,,,,,,,,,,,,,,,False
860475,2010-2011,7,7,Carl Zeiss Jena,8320,Jahn Regensburg,7789,True,2010-09-12T12:00:00Z,1,2,53.0,47.0,17.0,21.0,9.0,6.0,5.0,8.0,2.0,2.0,0.0,0.0,352.0,314.0,276.0,222.0,78.0,71.0,28.0,38.0,11.0,7.0,12.0,21.0,10.0,7.0,27.0,28.0,3.0,5.0,46.0,56.0,18.0,15.0,14.0,16.0,5.0,5.0,0.0,0.0,True
860487,2010-2011,8,8,Bayern München II,8264,Saarbrücken,8271,True,2010-09-17T17:00:00Z,0,0,56.0,44.0,10.0,6.0,3.0,4.0,5.0,1.0,1.0,4.0,1.0,0.0,516.0,410.0,426.0,314.0,83.0,77.0,,,5.0,2.0,14.0,23.0,6.0,17.0,7.0,24.0,0.0,3.0,60.0,51.0,19.0,10.0,8.0,18.0,1.0,2.0,0.0,0.0,True
860491,2010-2011,8,8,Werder Bremen II,8162,Unterhaching,8486,True,2010-09-17T17:00:00Z,1,3,,,,,,,,,,,,,,,,,,,,,,,,,,,,,,,,,,,,,,,,,False
860479,2010-2011,8,8,Aalen,8233,Eintracht Braunschweig,9776,True,2010-09-18T12:00:00Z,0,0,30.0,70.0,4.0,20.0,0.0,7.0,1.0,4.0,0.0,4.0,0.0,2.0,263.0,632.0,159.0,522.0,60.0,83.0,6.0,32.0,1.0,6.0,11.0,15.0,14.0,11.0,16.0,18.0,5.0,0.0,40.0,47.0,14.0,12.0,16.0,15.0,3.0,1.0,0.0,0.0,True
860496,2010-2011,8,8,Hansa Rostock,8294,Burghausen,8408,True,2010-09-18T12:00:00Z,1,1,40.0,60.0,20.0,12.0,9.0,4.0,5.0,3.0,1.0,3.0,1.0,1.0,322.0,505.0,257.0,441.0,80.0,87.0,29.0,18.0,8.0,5.0,13.0,7.0,8.0,3.0,19.0,23.0,2.0,5.0,41.0,42.0,16.0,7.0,19.0,10.0,2.0,1.0,0.0,0.0,True
860483,2010-2011,8,8,Jahn Regensburg,7789,FC Heidenheim,94937,True,2010-09-18T12:00:00Z,2,1,48.0,52.0,11.0,19.0,5.0,10.0,6.0,5.0,3.0,5.0,1.0,3.0,372.0,385.0,263.0,282.0,71.0,73.0,,,5.0,4.0,6.0,15.0,13.0,7.0,24.0,17.0,7.0,3.0,51.0,77.0,31.0,41.0,21.0,11.0,6.0,0.0,0.0,0.0,True
860482,2010-2011,8,8,RW Ahlen,8147,Carl Zeiss Jena,8320,True,2010-09-18T12:00:00Z,3,0,,,,,,,,,,,,,,,,,,,,,,,,,,,,,,,,,,,,,,,,,False
860498,2010-2011,8,8,RW Erfurt,8148,Kickers Offenbach,8407,True,2010-09-18T12:00:00Z,3,1,,,,,,,,,,,,,,,,,,,,,,,,,,,,,,,,,,,,,,,,,False
860489,2010-2011,8,8,Sandhausen,8086,VfB Stuttgart II,8458,True,2010-09-18T12:00:00Z,0,1,61.0,39.0,7.0,11.0,3.0,4.0,3.0,0.0,3.0,0.0,1.0,0.0,492.0,304.0,386.0,213.0,78.0,70.0,18.0,21.0,2.0,9.0,22.0,21.0,5.0,10.0,35.0,36.0,3.0,1.0,75.0,66.0,21.0,22.0,18.0,19.0,4.0,3.0,0.0,0.0,True
860493,2010-2011,8,8,TuS Koblenz,8318,Babelsberg,7775,True,2010-09-18T12:00:00Z,1,0,,,,,,,,,,,,,,,,,,,,,,,,,,,,,,,,,,,,,,,,,False
860485,2010-2011,8,8,Wehen Wiesbaden,8196,Dynamo Dresden,8480,True,2010-09-18T12:00:00Z,2,2,50.0,50.0,7.0,11.0,2.0,4.0,2.0,4.0,2.0,2.0,1.0,2.0,414.0,412.0,314.0,339.0,76.0,82.0,23.0,17.0,8.0,6.0,12.0,15.0,8.0,9.0,29.0,29.0,4.0,1.0,64.0,40.0,21.0,13.0,10.0,21.0,0.0,4.0,0.0,0.0,True
860503,2010-2011,9,9,Eintracht Braunschweig,9776,RW Erfurt,8148,True,2010-09-21T16:45:00Z,4,0,,,,,,,,,,,,,,,,,,,,,,,,,,,,,,,,,,,,,,,,,False
860519,2010-2011,9,9,Babelsberg,7775,Werder Bremen II,8162,True,2010-09-21T17:00:00Z,2,0,,,,,,,,,,,,,,,,,,,,,,,,,,,,,,,,,,,,,,,,,False
860525,2010-2011,9,9,Dynamo Dresden,8480,Jahn Regensburg,7789,True,2010-09-21T17:00:00Z,1,1,40.0,60.0,14.0,15.0,6.0,3.0,6.0,8.0,1.0,3.0,0.0,2.0,268.0,424.0,175.0,327.0,65.0,77.0,21.0,15.0,4.0,1.0,14.0,13.0,9.0,2.0,9.0,15.0,2.0,5.0,52.0,61.0,14.0,26.0,18.0,15.0,2.0,4.0,0.0,0.0,True
860527,2010-2011,9,9,FC Heidenheim,94937,RW Ahlen,8147,True,2010-09-21T17:00:00Z,3,0,,,,,,,,,,,,,,,,,,,,,,,,,,,,,,,,,,,,,,,,,False
860506,2010-2011,9,9,Kickers Offenbach,8407,Hansa Rostock,8294,True,2010-09-21T17:00:00Z,3,2,40.0,60.0,20.0,12.0,9.0,4.0,5.0,3.0,1.0,3.0,1.0,1.0,322.0,505.0,257.0,441.0,80.0,87.0,29.0,18.0,8.0,5.0,13.0,7.0,8.0,3.0,19.0,23.0,2.0,5.0,41.0,42.0,16.0,7.0,19.0,10.0,2.0,1.0,0.0,0.0,True
860502,2010-2011,9,9,VfB Stuttgart II,8458,Unterhaching,8486,True,2010-09-21T17:00:00Z,1,1,44.0,56.0,14.0,16.0,5.0,5.0,9.0,4.0,2.0,3.0,0.0,1.0,321.0,422.0,239.0,357.0,74.0,85.0,27.0,32.0,4.0,1.0,19.0,15.0,9.0,7.0,25.0,43.0,3.0,3.0,48.0,54.0,12.0,12.0,19.0,11.0,5.0,1.0,0.0,0.0,True
860529,2010-2011,9,9,Carl Zeiss Jena,8320,Aalen,8233,True,2010-09-22T16:30:00Z,0,0,30.0,70.0,4.0,20.0,0.0,7.0,1.0,4.0,0.0,4.0,0.0,2.0,263.0,632.0,159.0,522.0,60.0,83.0,6.0,32.0,1.0,6.0,11.0,15.0,14.0,11.0,16.0,18.0,5.0,0.0,40.0,47.0,14.0,12.0,16.0,15.0,3.0,1.0,0.0,0.0,True
860509,2010-2011,9,9,Burghausen,8408,TuS Koblenz,8318,True,2010-09-22T17:00:00Z,3,1,22.0,78.0,7.0,17.0,1.0,1.0,5.0,12.0,0.0,3.0,0.0,2.0,158.0,534.0,82.0,460.0,52.0,86.0,6.0,31.0,3.0,7.0,19.0,10.0,9.0,7.0,30.0,12.0,0.0,1.0,38.0,44.0,9.0,11.0,17.0,8.0,5.0,2.0,1.0,0.0,True
860521,2010-2011,9,9,Saarbrücken,8271,Wehen Wiesbaden,8196,True,2010-09-22T17:00:00Z,0,0,50.0,50.0,16.0,10.0,6.0,3.0,6.0,3.0,2.0,1.0,2.0,0.0,440.0,434.0,375.0,366.0,85.0,84.0,24.0,18.0,6.0,8.0,12.0,14.0,5.0,9.0,29.0,23.0,2.0,4.0,36.0,44.0,11.0,7.0,19.0,12.0,4.0,3.0,0.0,1.0,True
860520,2010-2011,9,9,Sandhausen,8086,Bayern München II,8264,True,2010-09-22T17:00:00Z,1,0,,,,,,,,,,,,,,,,,,,,,,,,,,,,,,,,,,,,,,,,,False
860540,2010-2011,10,10,RW Ahlen,8147,Dynamo Dresden,8480,True,2010-09-24T17:00:00Z,0,1,,,,,,,,,,,,,,,,,,,,,,,,,,,,,,,,,,,,,,,,,False
860551,2010-2011,10,10,Unterhaching,8486,Babelsberg,7775,True,2010-09-24T17:00:00Z,1,0,,,,,,,,,,,,,,,,,,,,,,,,,,,,,,,,,,,,,,,,,False
860539,2010-2011,10,10,Aalen,8233,FC Heidenheim,94937,True,2010-09-25T12:00:00Z,2,1,30.0,70.0,4.0,20.0,0.0,7.0,1.0,4.0,0.0,4.0,0.0,2.0,263.0,632.0,159.0,522.0,60.0,83.0,6.0,32.0,1.0,6.0,11.0,15.0,14.0,11.0,16.0,18.0,5.0,0.0,40.0,47.0,14.0,12.0,16.0,15.0,3.0,1.0,0.0,0.0,True
860543,2010-2011,10,10,Jahn Regensburg,7789,Saarbrücken,8271,True,2010-09-25T12:00:00Z,2,2,59.0,41.0,6.0,10.0,2.0,2.0,4.0,5.0,1.0,1.0,1.0,1.0,417.0,286.0,327.0,206.0,78.0,72.0,15.0,22.0,3.0,6.0,14.0,20.0,7.0,6.0,21.0,39.0,1.0,1.0,65.0,63.0,32.0,16.0,14.0,12.0,3.0,2.0,0.0,0.0,True
860554,2010-2011,10,10,TuS Koblenz,8318,Kickers Offenbach,8407,True,2010-09-25T12:00:00Z,0,1,,,,,,,,,,,,,,,,,,,,,,,,,,,,,,,,,,,,,,,,,False
860545,2010-2011,10,10,Wehen Wiesbaden,8196,Sandhausen,8086,True,2010-09-25T12:00:00Z,2,0,66.0,34.0,9.0,14.0,2.0,5.0,3.0,7.0,1.0,2.0,1.0,2.0,584.0,305.0,483.0,211.0,83.0,69.0,26.0,21.0,9.0,3.0,13.0,29.0,6.0,3.0,18.0,68.0,4.0,2.0,57.0,60.0,14.0,27.0,6.0,20.0,1.0,0.0,0.0,0.0,True
860552,2010-2011,10,10,Werder Bremen II,8162,Burghausen,8408,True,2010-09-25T12:00:00Z,1,1,,,,,,,,,,,,,,,,,,,,,,,,,,,,,,,,,,,,,,,,,False
860560,2010-2011,10,10,RW Erfurt,8148,Carl Zeiss Jena,8320,True,2010-09-25T12:10:00Z,2,1,,,,,,,,,,,,,,,,,,,,,,,,,,,,,,,,,,,,,,,,,False
860557,2010-2011,10,10,Hansa Rostock,8294,Eintracht Braunschweig,9776,True,2010-09-26T11:30:00Z,2,1,47.0,53.0,12.0,16.0,3.0,2.0,4.0,7.0,2.0,0.0,2.0,0.0,334.0,383.0,222.0,294.0,66.0,77.0,16.0,22.0,4.0,4.0,8.0,18.0,9.0,6.0,20.0,36.0,1.0,3.0,46.0,58.0,20.0,24.0,15.0,15.0,4.0,3.0,0.0,0.0,True
860548,2010-2011,10,10,Bayern München II,8264,VfB Stuttgart II,8458,True,2010-09-26T12:00:00Z,1,1,,,,,,,,,,,,,,,,,,,,,,,,,,,,,,,,,,,,,,,,,False
860587,2010-2011,11,11,Dynamo Dresden,8480,Aalen,8233,True,2010-10-01T17:00:00Z,1,0,30.0,70.0,4.0,20.0,0.0,7.0,1.0,4.0,0.0,4.0,0.0,2.0,263.0,632.0,159.0,522.0,60.0,83.0,6.0,32.0,1.0,6.0,11.0,15.0,14.0,11.0,16.0,18.0,5.0,0.0,40.0,47.0,14.0,12.0,16.0,15.0,3.0,1.0,0.0,0.0,True
860578,2010-2011,11,11,Bayern München II,8264,Wehen Wiesbaden,8196,True,2010-10-02T12:00:00Z,0,1,52.0,48.0,6.0,10.0,3.0,3.0,2.0,4.0,0.0,1.0,0.0,1.0,458.0,392.0,352.0,285.0,77.0,73.0,16.0,20.0,3.0,8.0,11.0,23.0,19.0,16.0,26.0,11.0,3.0,2.0,51.0,61.0,17.0,15.0,15.0,14.0,2.0,2.0,0.0,0.0,True
860573,2010-2011,11,11,Burghausen,8408,Unterhaching,8486,True,2010-10-02T12:00:00Z,1,3,,,,,,,,,,,,,,,,,,,,,,,,,,,,,,,,,,,,,,,,,False
860591,2010-2011,11,11,Carl Zeiss Jena,8320,Hansa Rostock,8294,True,2010-10-02T12:00:00Z,1,3,,,,,,,,,,,,,,,,,,,,,,,,,,,,,,,,,,,,,,,,,False
860569,2010-2011,11,11,Eintracht Braunschweig,9776,TuS Koblenz,8318,True,2010-10-02T12:00:00Z,4,1,22.0,78.0,7.0,17.0,1.0,1.0,5.0,12.0,0.0,3.0,0.0,2.0,158.0,534.0,82.0,460.0,52.0,86.0,6.0,31.0,3.0,7.0,19.0,10.0,9.0,7.0,30.0,12.0,0.0,1.0,38.0,44.0,9.0,11.0,17.0,8.0,5.0,2.0,1.0,0.0,True
860590,2010-2011,11,11,FC Heidenheim,94937,RW Erfurt,8148,True,2010-10-02T12:00:00Z,1,1,,,,,,,,,,,,,,,,,,,,,,,,,,,,,,,,,,,,,,,,,False
860570,2010-2011,11,11,Kickers Offenbach,8407,Werder Bremen II,8162,True,2010-10-02T12:00:00Z,3,1,,,,,,,,,,,,,,,,,,,,,,,,,,,,,,,,,,,,,,,,,False
860584,2010-2011,11,11,Saarbrücken,8271,RW Ahlen,8147,True,2010-10-02T12:00:00Z,0,0,,,,,,,,,,,,,,,,,,,,,,,,,,,,,,,,,,,,,,,,,False
860582,2010-2011,11,11,Sandhausen,8086,Jahn Regensburg,7789,True,2010-10-02T12:00:00Z,2,2,60.0,40.0,17.0,17.0,6.0,4.0,4.0,7.0,6.0,3.0,2.0,1.0,431.0,271.0,321.0,172.0,74.0,63.0,28.0,18.0,11.0,6.0,15.0,18.0,13.0,9.0,15.0,28.0,1.0,0.0,59.0,59.0,21.0,17.0,14.0,14.0,3.0,4.0,0.0,0.0,True
860566,2010-2011,11,11,VfB Stuttgart II,8458,Babelsberg,7775,True,2010-10-02T12:00:00Z,1,1,,,,,,,,,,,,,,,,,,,,,,,,,,,,,,,,,,,,,,,,,False
860615,2010-2011,12,12,TuS Koblenz,8318,Carl Zeiss Jena,8320,True,2010-10-15T17:00:00Z,1,0,22.0,78.0,7.0,17.0,1.0,1.0,5.0,12.0,0.0,3.0,0.0,2.0,158.0,534.0,82.0,460.0,52.0,86.0,6.0,31.0,3.0,7.0,19.0,10.0,9.0,7.0,30.0,12.0,0.0,1.0,38.0,44.0,9.0,11.0,17.0,8.0,5.0,2.0,1.0,0.0,True
865612,2010-2011,12,12,Werder Bremen II,8162,Eintracht Braunschweig,9776,True,2010-10-15T17:00:00Z,0,5,,,,,,,,,,,,,,,,,,,,,,,,,,,,,,,,,,,,,,,,,False
860594,2010-2011,12,12,Aalen,8233,Saarbrücken,8271,True,2010-10-16T12:00:00Z,1,1,30.0,70.0,4.0,20.0,0.0,7.0,1.0,4.0,0.0,4.0,0.0,2.0,263.0,632.0,159.0,522.0,60.0,83.0,6.0,32.0,1.0,6.0,11.0,15.0,14.0,11.0,16.0,18.0,5.0,0.0,40.0,47.0,14.0,12.0,16.0,15.0,3.0,1.0,0.0,0.0,True
860606,2010-2011,12,12,Babelsberg,7775,Burghausen,8408,True,2010-10-16T12:00:00Z,0,2,,,,,,,,,,,,,,,,,,,,,,,,,,,,,,,,,,,,,,,,,False
860618,2010-2011,12,12,Hansa Rostock,8294,FC Heidenheim,94937,True,2010-10-16T12:00:00Z,2,1,53.0,47.0,15.0,8.0,5.0,0.0,5.0,2.0,0.0,0.0,0.0,0.0,471.0,428.0,358.0,324.0,76.0,76.0,17.0,15.0,5.0,0.0,12.0,16.0,10.0,11.0,16.0,23.0,0.0,3.0,52.0,59.0,26.0,27.0,7.0,9.0,1.0,0.0,0.0,0.0,True
860598,2010-2011,12,12,Jahn Regensburg,7789,Bayern München II,8264,True,2010-10-16T12:00:00Z,0,0,53.0,47.0,17.0,21.0,9.0,6.0,5.0,8.0,2.0,2.0,0.0,0.0,352.0,314.0,276.0,222.0,78.0,71.0,28.0,38.0,11.0,7.0,12.0,21.0,10.0,7.0,27.0,28.0,3.0,5.0,46.0,56.0,18.0,15.0,14.0,16.0,5.0,5.0,0.0,0.0,True
860595,2010-2011,12,12,RW Ahlen,8147,Sandhausen,8086,True,2010-10-16T12:00:00Z,1,1,,,,,,,,,,,,,,,,,,,,,,,,,,,,,,,,,,,,,,,,,False
860621,2010-2011,12,12,RW Erfurt,8148,Dynamo Dresden,8480,True,2010-10-16T12:00:00Z,3,0,,,,,,,,,,,,,,,,,,,,,,,,,,,,,,,,,,,,,,,,,False
860610,2010-2011,12,12,Unterhaching,8486,Kickers Offenbach,8407,True,2010-10-16T12:00:00Z,1,1,,,,,,,,,,,,,,,,,,,,,,,,,,,,,,,,,,,,,,,,,False
860601,2010-2011,12,12,Wehen Wiesbaden,8196,VfB Stuttgart II,8458,True,2010-10-16T12:00:00Z,2,1,60.0,40.0,10.0,9.0,6.0,4.0,3.0,5.0,3.0,1.0,3.0,1.0,627.0,413.0,564.0,338.0,90.0,82.0,15.0,25.0,3.0,5.0,14.0,13.0,5.0,10.0,34.0,15.0,4.0,3.0,42.0,36.0,10.0,4.0,14.0,13.0,2.0,3.0,0.0,0.0,True
860683,2010-2011,13,13,Kickers Offenbach,8407,Babelsberg,7775,True,2010-10-22T17:00:00Z,2,1,,,,,,,,,,,,,,,,,,,,,,,,,,,,,,,,,,,,,,,,,False
860687,2010-2011,13,13,Bayern München II,8264,RW Ahlen,8147,True,2010-10-23T12:00:00Z,2,3,,,,,,,,,,,,,,,,,,,,,,,,,,,,,,,,,,,,,,,,,False
860698,2010-2011,13,13,Carl Zeiss Jena,8320,Werder Bremen II,8162,True,2010-10-23T12:00:00Z,1,1,,,,,,,,,,,,,,,,,,,,,,,,,,,,,,,,,,,,,,,,,False
860694,2010-2011,13,13,Dynamo Dresden,8480,Hansa Rostock,8294,True,2010-10-23T12:00:00Z,2,2,44.0,56.0,13.0,12.0,1.0,4.0,8.0,5.0,1.0,4.0,0.0,4.0,280.0,362.0,181.0,245.0,65.0,68.0,16.0,18.0,4.0,1.0,22.0,24.0,9.0,8.0,30.0,25.0,4.0,0.0,82.0,80.0,36.0,33.0,19.0,20.0,4.0,3.0,0.0,0.0,True
860679,2010-2011,13,13,Eintracht Braunschweig,9776,Unterhaching,8486,True,2010-10-23T12:00:00Z,3,0,,,,,,,,,,,,,,,,,,,,,,,,,,,,,,,,,,,,,,,,,False
860695,2010-2011,13,13,FC Heidenheim,94937,TuS Koblenz,8318,True,2010-10-23T12:00:00Z,3,1,22.0,78.0,7.0,17.0,1.0,1.0,5.0,12.0,0.0,3.0,0.0,2.0,158.0,534.0,82.0,460.0,52.0,86.0,6.0,31.0,3.0,7.0,19.0,10.0,9.0,7.0,30.0,12.0,0.0,1.0,38.0,44.0,9.0,11.0,17.0,8.0,5.0,2.0,1.0,0.0,True
860692,2010-2011,13,13,Saarbrücken,8271,RW Erfurt,8148,True,2010-10-23T12:00:00Z,1,3,,,,,,,,,,,,,,,,,,,,,,,,,,,,,,,,,,,,,,,,,False
860691,2010-2011,13,13,Sandhausen,8086,Aalen,8233,True,2010-10-23T12:00:00Z,1,3,,,,,,,,,,,,,,,,,,,,,,,,,,,,,,,,,,,,,,,,,False
860677,2010-2011,13,13,VfB Stuttgart II,8458,Burghausen,8408,True,2010-10-23T12:00:00Z,1,1,,,,,,,,,,,,,,,,,,,,,,,,,,,,,,,,,,,,,,,,,False
860685,2010-2011,13,13,Wehen Wiesbaden,8196,Jahn Regensburg,7789,True,2010-10-23T12:00:00Z,2,0,51.0,49.0,18.0,19.0,6.0,4.0,4.0,6.0,4.0,4.0,3.0,4.0,397.0,375.0,316.0,293.0,80.0,78.0,38.0,28.0,5.0,7.0,13.0,23.0,6.0,6.0,41.0,20.0,4.0,4.0,56.0,56.0,18.0,16.0,13.0,20.0,0.0,2.0,0.0,0.0,True
860713,2010-2011,14,14,Aalen,8233,Bayern München II,8264,True,2010-10-30T12:00:00Z,2,2,30.0,70.0,4.0,20.0,0.0,7.0,1.0,4.0,0.0,4.0,0.0,2.0,263.0,632.0,159.0,522.0,60.0,83.0,6.0,32.0,1.0,6.0,11.0,15.0,14.0,11.0,16.0,18.0,5.0,0.0,40.0,47.0,14.0,12.0,16.0,15.0,3.0,1.0,0.0,0.0,True
860744,2010-2011,14,14,Babelsberg,7775,Eintracht Braunschweig,9776,True,2010-10-30T12:00:00Z,0,3,,,,,,,,,,,,,,,,,,,,,,,,,,,,,,,,,,,,,,,,,False
860741,2010-2011,14,14,Burghausen,8408,Kickers Offenbach,8407,True,2010-10-30T12:00:00Z,4,3,,,,,,,,,,,,,,,,,,,,,,,,,,,,,,,,,,,,,,,,,False
860759,2010-2011,14,14,Hansa Rostock,8294,Saarbrücken,8271,True,2010-10-30T12:00:00Z,2,1,,,,,,,,,,,,,,,,,,,,,,,,,,,,,,,,,,,,,,,,,False
860717,2010-2011,14,14,Jahn Regensburg,7789,VfB Stuttgart II,8458,True,2010-10-30T12:00:00Z,1,2,45.0,55.0,12.0,18.0,8.0,3.0,0.0,8.0,3.0,4.0,1.0,2.0,338.0,427.0,259.0,357.0,77.0,84.0,31.0,33.0,8.0,4.0,23.0,11.0,10.0,7.0,40.0,31.0,0.0,5.0,61.0,40.0,19.0,14.0,12.0,11.0,4.0,2.0,0.0,0.0,True
860714,2010-2011,14,14,RW Ahlen,8147,Wehen Wiesbaden,8196,True,2010-10-30T12:00:00Z,4,1,,,,,,,,,,,,,,,,,,,,,,,,,,,,,,,,,,,,,,,,,False
860761,2010-2011,14,14,RW Erfurt,8148,Sandhausen,8086,True,2010-10-30T12:00:00Z,2,1,,,,,,,,,,,,,,,,,,,,,,,,,,,,,,,,,,,,,,,,,False
860747,2010-2011,14,14,Unterhaching,8486,Carl Zeiss Jena,8320,True,2010-10-30T12:00:00Z,1,1,,,,,,,,,,,,,,,,,,,,,,,,,,,,,,,,,,,,,,,,,False
860751,2010-2011,14,14,Werder Bremen II,8162,FC Heidenheim,94937,True,2010-10-30T12:00:00Z,0,1,,,,,,,,,,,,,,,,,,,,,,,,,,,,,,,,,,,,,,,,,False
860753,2010-2011,14,14,TuS Koblenz,8318,Dynamo Dresden,8480,True,2010-10-31T13:00:00Z,0,1,22.0,78.0,7.0,17.0,1.0,1.0,5.0,12.0,0.0,3.0,0.0,2.0,158.0,534.0,82.0,460.0,52.0,86.0,6.0,31.0,3.0,7.0,19.0,10.0,9.0,7.0,30.0,12.0,0.0,1.0,38.0,44.0,9.0,11.0,17.0,8.0,5.0,2.0,1.0,0.0,True
860791,2010-2011,15,15,Sandhausen,8086,Hansa Rostock,8294,True,2010-11-05T18:00:00Z,1,2,46.0,54.0,17.0,17.0,4.0,7.0,9.0,5.0,1.0,1.0,1.0,0.0,374.0,430.0,301.0,361.0,80.0,84.0,23.0,31.0,5.0,5.0,20.0,11.0,11.0,11.0,21.0,17.0,4.0,4.0,45.0,46.0,10.0,23.0,10.0,13.0,3.0,1.0,0.0,0.0,True
860789,2010-2011,15,15,Bayern München II,8264,RW Erfurt,8148,True,2010-11-06T13:00:00Z,1,0,,,,,,,,,,,,,,,,,,,,,,,,,,,,,,,,,,,,,,,,,False
860795,2010-2011,15,15,Carl Zeiss Jena,8320,Babelsberg,7775,True,2010-11-06T13:00:00Z,0,0,,,,,,,,,,,,,,,,,,,,,,,,,,,,,,,,,,,,,,,,,False
860793,2010-2011,15,15,Dynamo Dresden,8480,Werder Bremen II,8162,True,2010-11-06T13:00:00Z,1,1,,,,,,,,,,,,,,,,,,,,,,,,,,,,,,,,,,,,,,,,,False
860785,2010-2011,15,15,Eintracht Braunschweig,9776,Burghausen,8408,True,2010-11-06T13:00:00Z,3,0,,,,,,,,,,,,,,,,,,,,,,,,,,,,,,,,,,,,,,,,,False
860794,2010-2011,15,15,FC Heidenheim,94937,Unterhaching,8486,True,2010-11-06T13:00:00Z,5,1,,,,,,,,,,,,,,,,,,,,,,,,,,,,,,,,,,,,,,,,,False
860786,2010-2011,15,15,Jahn Regensburg,7789,RW Ahlen,8147,True,2010-11-06T13:00:00Z,1,2,53.0,47.0,17.0,21.0,9.0,6.0,5.0,8.0,2.0,2.0,0.0,0.0,352.0,314.0,276.0,222.0,78.0,71.0,28.0,38.0,11.0,7.0,12.0,21.0,10.0,7.0,27.0,28.0,3.0,5.0,46.0,56.0,18.0,15.0,14.0,16.0,5.0,5.0,0.0,0.0,True
860792,2010-2011,15,15,Saarbrücken,8271,TuS Koblenz,8318,True,2010-11-06T13:00:00Z,0,0,45.0,55.0,7.0,7.0,4.0,4.0,,,,,,,,,,,,,,,0.0,9.0,,,,,,,,,,,,,11.0,10.0,,,,,True
860784,2010-2011,15,15,VfB Stuttgart II,8458,Kickers Offenbach,8407,True,2010-11-06T13:00:00Z,0,2,,,,,,,,,,,,,,,,,,,,,,,,,,,,,,,,,,,,,,,,,False
860787,2010-2011,15,15,Wehen Wiesbaden,8196,Aalen,8233,True,2010-11-06T13:00:00Z,1,3,50.0,50.0,16.0,9.0,1.0,6.0,8.0,3.0,0.0,3.0,0.0,1.0,368.0,373.0,252.0,257.0,68.0,69.0,20.0,10.0,8.0,2.0,10.0,22.0,7.0,9.0,25.0,29.0,4.0,1.0,47.0,62.0,19.0,18.0,21.0,12.0,1.0,2.0,0.0,0.0,True
860809,2010-2011,16,16,Unterhaching,8486,Dynamo Dresden,8480,True,2010-11-12T18:00:00Z,0,1,62.0,38.0,11.0,14.0,5.0,3.0,5.0,5.0,2.0,0.0,1.0,0.0,509.0,318.0,421.0,228.0,83.0,72.0,26.0,28.0,7.0,4.0,14.0,18.0,6.0,13.0,28.0,25.0,3.0,2.0,56.0,36.0,21.0,6.0,5.0,12.0,1.0,1.0,0.0,0.0,True
860803,2010-2011,16,16,Kickers Offenbach,8407,Eintracht Braunschweig,9776,True,2010-11-12T19:15:00Z,2,2,,,,,,,,,,,,,,,,,,,,,,,,,,,,,,,,,,,,,,,,,False
860798,2010-2011,16,16,Aalen,8233,Jahn Regensburg,7789,True,2010-11-13T13:00:00Z,2,3,53.0,47.0,17.0,21.0,9.0,6.0,5.0,8.0,2.0,2.0,0.0,0.0,352.0,314.0,276.0,222.0,78.0,71.0,28.0,38.0,11.0,7.0,12.0,21.0,10.0,7.0,27.0,28.0,3.0,5.0,46.0,56.0,18.0,15.0,14.0,16.0,5.0,5.0,0.0,0.0,True
860808,2010-2011,16,16,Babelsberg,7775,FC Heidenheim,94937,True,2010-11-13T13:00:00Z,4,3,,,,,,,,,,,,,,,,,,,,,,,,,,,,,,,,,,,,,,,,,False
860805,2010-2011,16,16,Burghausen,8408,Carl Zeiss Jena,8320,True,2010-11-13T13:00:00Z,2,3,,,,,,,,,,,,,,,,,,,,,,,,,,,,,,,,,,,,,,,,,False
860815,2010-2011,16,16,Hansa Rostock,8294,Bayern München II,8264,True,2010-11-13T13:00:00Z,0,2,62.0,38.0,15.0,7.0,6.0,2.0,4.0,3.0,1.0,1.0,1.0,1.0,591.0,365.0,495.0,263.0,84.0,72.0,18.0,17.0,6.0,2.0,15.0,22.0,11.0,15.0,11.0,20.0,1.0,6.0,51.0,57.0,13.0,18.0,9.0,12.0,1.0,1.0,0.0,1.0,True
860817,2010-2011,16,16,RW Erfurt,8148,Wehen Wiesbaden,8196,True,2010-11-13T13:00:00Z,0,0,,,,,,,,,,,,,,,,,,,,,,,,,,,,,,,,,,,,,,,,,False
860813,2010-2011,16,16,TuS Koblenz,8318,Sandhausen,8086,True,2010-11-14T13:00:00Z,3,0,,,,,,,,,,,,,,,,,,,,,,,,,,,,,,,,,,,,,,,,,False
860811,2010-2011,16,16,Werder Bremen II,8162,Saarbrücken,8271,True,2010-11-14T13:00:00Z,2,0,,,,,,,,,,,,,,,,,,,,,,,,,,,,,,,,,,,,,,,,,False
860828,2010-2011,17,17,Bayern München II,8264,TuS Koblenz,8318,True,2010-11-20T13:00:00Z,1,1,,,,,,,,,,,,,,,,,,,,,,,,,,,,,,,,,,,,,,,,,False
860842,2010-2011,17,17,Carl Zeiss Jena,8320,Kickers Offenbach,8407,True,2010-11-20T13:00:00Z,1,0,,,,,,,,,,,,,,,,,,,,,,,,,,,,,,,,,,,,,,,,,False
860836,2010-2011,17,17,Dynamo Dresden,8480,Babelsberg,7775,True,2010-11-20T13:00:00Z,0,1,,,,,,,,,,,,,,,,,,,,,,,,,,,,,,,,,,,,,,,,,False
860840,2010-2011,17,17,FC Heidenheim,94937,Burghausen,8408,True,2010-11-20T13:00:00Z,4,1,,,,,,,,,,,,,,,,,,,,,,,,,,,,,,,,,,,,,,,,,False
860823,2010-2011,17,17,Jahn Regensburg,7789,RW Erfurt,8148,True,2010-11-20T13:00:00Z,0,0,53.0,47.0,17.0,21.0,9.0,6.0,5.0,8.0,2.0,2.0,0.0,0.0,352.0,314.0,276.0,222.0,78.0,71.0,28.0,38.0,11.0,7.0,12.0,21.0,10.0,7.0,27.0,28.0,3.0,5.0,46.0,56.0,18.0,15.0,14.0,16.0,5.0,5.0,0.0,0.0,True
860821,2010-2011,17,17,RW Ahlen,8147,Aalen,8233,True,2010-11-20T13:00:00Z,4,2,,,,,,,,,,,,,,,,,,,,,,,,,,,,,,,,,,,,,,,,,False
860833,2010-2011,17,17,Saarbrücken,8271,Unterhaching,8486,True,2010-11-20T13:00:00Z,2,3,29.0,71.0,9.0,14.0,3.0,3.0,4.0,6.0,1.0,2.0,0.0,2.0,254.0,623.0,160.0,517.0,63.0,83.0,28.0,30.0,2.0,7.0,13.0,14.0,9.0,11.0,32.0,23.0,3.0,1.0,50.0,59.0,16.0,23.0,14.0,16.0,2.0,5.0,0.0,0.0,True
860831,2010-2011,17,17,Sandhausen,8086,Werder Bremen II,8162,True,2010-11-20T13:00:00Z,5,1,,,,,,,,,,,,,,,,,,,,,,,,,,,,,,,,,,,,,,,,,False
860819,2010-2011,17,17,VfB Stuttgart II,8458,Eintracht Braunschweig,9776,True,2010-11-20T13:00:00Z,0,0,41.0,59.0,7.0,19.0,3.0,4.0,3.0,9.0,2.0,2.0,1.0,0.0,299.0,420.0,231.0,362.0,77.0,86.0,13.0,37.0,5.0,9.0,27.0,13.0,5.0,8.0,31.0,13.0,1.0,2.0,55.0,55.0,10.0,2.0,21.0,11.0,7.0,5.0,0.0,0.0,True
860825,2010-2011,17,17,Wehen Wiesbaden,8196,Hansa Rostock,8294,True,2010-11-21T13:00:00Z,1,2,55.0,45.0,22.0,7.0,9.0,3.0,4.0,3.0,2.0,1.0,1.0,1.0,467.0,394.0,382.0,305.0,82.0,77.0,40.0,16.0,9.0,4.0,18.0,15.0,14.0,7.0,21.0,31.0,3.0,6.0,50.0,49.0,16.0,10.0,17.0,11.0,2.0,4.0,0.0,0.0,True
860872,2010-2011,18,18,Werder Bremen II,8162,Bayern München II,8264,True,2010-11-26T18:00:00Z,2,0,,,,,,,,,,,,,,,,,,,,,,,,,,,,,,,,,,,,,,,,,False
860867,2010-2011,18,18,Babelsberg,7775,Saarbrücken,8271,True,2010-11-27T12:00:00Z,0,2,,,,,,,,,,,,,,,,,,,,,,,,,,,,,,,,,,,,,,,,,False
860865,2010-2011,18,18,Burghausen,8408,Dynamo Dresden,8480,True,2010-11-27T13:00:00Z,0,2,,,,,,,,,,,,,,,,,,,,,,,,,,,,,,,,,,,,,,,,,False
860861,2010-2011,18,18,Eintracht Braunschweig,9776,Carl Zeiss Jena,8320,True,2010-11-27T13:00:00Z,6,0,,,,,,,,,,,,,,,,,,,,,,,,,,,,,,,,,,,,,,,,,False
860879,2010-2011,18,18,Hansa Rostock,8294,Jahn Regensburg,7789,True,2010-11-27T13:00:00Z,5,0,,,,,,,,,,,,,,,,,,,,,,,,,,,,,,,,,,,,,,,,,False
860863,2010-2011,18,18,Kickers Offenbach,8407,FC Heidenheim,94937,True,2010-11-27T13:00:00Z,1,0,,,,,,,,,,,,,,,,,,,,,,,,,,,,,,,,,,,,,,,,,False
860881,2010-2011,18,18,RW Erfurt,8148,RW Ahlen,8147,True,2010-11-27T13:00:00Z,4,0,,,,,,,,,,,,,,,,,,,,,,,,,,,,,,,,,,,,,,,,,False
860876,2010-2011,18,18,TuS Koblenz,8318,Wehen Wiesbaden,8196,True,2010-11-27T13:00:00Z,3,2,50.0,50.0,16.0,9.0,1.0,6.0,8.0,3.0,0.0,3.0,0.0,1.0,368.0,373.0,252.0,257.0,68.0,69.0,20.0,10.0,8.0,2.0,10.0,22.0,7.0,9.0,25.0,29.0,4.0,1.0,47.0,62.0,19.0,18.0,21.0,12.0,1.0,2.0,0.0,0.0,True
860868,2010-2011,18,18,Unterhaching,8486,Sandhausen,8086,True,2010-11-28T13:00:00Z,1,1,66.0,34.0,15.0,16.0,6.0,6.0,6.0,5.0,4.0,4.0,3.0,2.0,562.0,284.0,481.0,208.0,86.0,73.0,32.0,28.0,5.0,5.0,24.0,17.0,7.0,8.0,27.0,25.0,4.0,4.0,61.0,63.0,19.0,23.0,13.0,14.0,4.0,2.0,0.0,0.0,True
860897,2010-2011,19,19,Aalen,8233,RW Erfurt,8148,True,2010-12-04T13:00:00Z,0,4,,,,,,,,,,,,,,,,,,,,,,,,,,,,,,,,,,,,,,,,,False
860912,2010-2011,19,19,Dynamo Dresden,8480,Kickers Offenbach,8407,True,2010-12-04T13:00:00Z,2,0,,,,,,,,,,,,,,,,,,,,,,,,,,,,,,,,,,,,,,,,,False
860903,2010-2011,19,19,Wehen Wiesbaden,8196,Werder Bremen II,8162,True,2010-12-04T13:00:00Z,1,1,,,,,,,,,,,,,,,,,,,,,,,,,,,,,,,,,,,,,,,,,False
860914,2010-2011,19,19,FC Heidenheim,94937,Eintracht Braunschweig,9776,True,2010-12-05T13:00:00Z,1,4,35.0,65.0,9.0,17.0,4.0,6.0,4.0,9.0,1.0,3.0,0.0,3.0,308.0,588.0,210.0,476.0,68.0,81.0,11.0,29.0,3.0,6.0,22.0,19.0,15.0,12.0,19.0,24.0,6.0,2.0,60.0,55.0,16.0,23.0,7.0,12.0,0.0,1.0,0.0,0.0,True
860908,2010-2011,19,19,Sandhausen,8086,Babelsberg,7775,True,2010-12-07T17:00:00Z,0,0,,,,,,,,,,,,,,,,,,,,,,,,,,,,,,,,,,,,,,,,,False
860911,2010-2011,19,19,Saarbrücken,8271,Burghausen,8408,True,2010-12-08T18:00:00Z,2,1,45.0,55.0,7.0,7.0,4.0,4.0,,,,,,,,,,,,,,,0.0,9.0,,,,,,,,,,,,,11.0,10.0,,,,,True
860931,2010-2011,20,20,Carl Zeiss Jena,8320,Dynamo Dresden,8480,True,2010-12-11T13:00:00Z,1,0,,,,,,,,,,,,,,,,,,,,,,,,,,,,,,,,,,,,,,,,,False
860930,2010-2011,20,20,Eintracht Braunschweig,9776,Saarbrücken,8271,True,2010-12-11T13:00:00Z,1,0,45.0,55.0,27.0,17.0,7.0,7.0,10.0,6.0,6.0,5.0,5.0,3.0,493.0,634.0,386.0,492.0,78.0,78.0,33.0,27.0,6.0,6.0,15.0,17.0,14.0,4.0,44.0,41.0,5.0,5.0,78.0,59.0,26.0,26.0,13.0,22.0,1.0,3.0,0.0,1.0,True
860921,2010-2011,20,20,TuS Koblenz,8318,Aalen,8233,True,2010-12-11T13:00:00Z,1,0,30.0,70.0,4.0,20.0,0.0,7.0,1.0,4.0,0.0,4.0,0.0,2.0,263.0,632.0,159.0,522.0,60.0,83.0,6.0,32.0,1.0,6.0,11.0,15.0,14.0,11.0,16.0,18.0,5.0,0.0,40.0,47.0,14.0,12.0,16.0,15.0,3.0,1.0,0.0,0.0,True
860953,2010-2011,21,21,FC Heidenheim,94937,Carl Zeiss Jena,8320,True,2010-12-18T13:00:00Z,2,0,,,,,,,,,,,,,,,,,,,,,,,,,,,,,,,,,,,,,,,,,False
860917,2010-2011,19,19,Carl Zeiss Jena,8320,VfB Stuttgart II,8458,True,2011-01-22T12:30:00Z,1,1,,,,,,,,,,,,,,,,,,,,,,,,,,,,,,,,,,,,,,,,,False
860939,2010-2011,21,21,Dynamo Dresden,8480,Eintracht Braunschweig,9776,True,2011-01-22T12:30:00Z,1,1,,,,,,,,,,,,,,,,,,,,,,,,,,,,,,,,,,,,,,,,,False
860934,2010-2011,20,20,Hansa Rostock,8294,RW Erfurt,8148,True,2011-01-22T12:30:00Z,3,0,,,,,,,,,,,,,,,,,,,,,,,,,,,,,,,,,,,,,,,,,False
860924,2010-2011,20,20,Babelsberg,7775,Wehen Wiesbaden,8196,True,2011-01-22T13:00:00Z,0,0,,,,,,,,,,,,,,,,,,,,,,,,,,,,,,,,,,,,,,,,,False
860925,2010-2011,20,20,Burghausen,8408,Bayern München II,8264,True,2011-01-22T13:00:00Z,2,0,,,,,,,,,,,,,,,,,,,,,,,,,,,,,,,,,,,,,,,,,False
860928,2010-2011,20,20,Kickers Offenbach,8407,Sandhausen,8086,True,2011-01-22T13:00:00Z,1,2,,,,,,,,,,,,,,,,,,,,,,,,,,,,,,,,,,,,,,,,,False
860949,2010-2011,21,21,RW Ahlen,8147,TuS Koblenz,8318,True,2011-01-22T13:00:00Z,2,3,,,,,,,,,,,,,,,,,,,,,,,,,,,,,,,,,,,,,,,,,False
860923,2010-2011,20,20,Unterhaching,8486,Jahn Regensburg,7789,True,2011-01-22T13:20:00Z,0,0,,,,,,,,,,,,,,,,,,,,,,,,,,,,,,,,,,,,,,,,,False
860940,2010-2011,21,21,Sandhausen,8086,Burghausen,8408,True,2011-01-25T18:00:00Z,1,1,,,,,,,,,,,,,,,,,,,,,,,,,,,,,,,,,,,,,,,,,False
860859,2010-2011,18,18,VfB Stuttgart II,8458,Aalen,8233,True,2011-01-25T18:00:00Z,1,1,,,,,,,,,,,,,,,,,,,,,,,,,,,,,,,,,,,,,,,,,False
860922,2010-2011,20,20,Werder Bremen II,8162,RW Ahlen,8147,True,2011-01-25T18:00:00Z,3,1,,,,,,,,,,,,,,,,,,,,,,,,,,,,,,,,,,,,,,,,,False
860959,2010-2011,22,22,Sandhausen,8086,Eintracht Braunschweig,9776,True,2011-01-28T18:00:00Z,0,2,,,,,,,,,,,,,,,,,,,,,,,,,,,,,,,,,,,,,,,,,False
860968,2010-2011,22,22,Aalen,8233,Werder Bremen II,8162,True,2011-01-29T13:00:00Z,1,1,,,,,,,,,,,,,,,,,,,,,,,,,,,,,,,,,,,,,,,,,False
860957,2010-2011,22,22,Hansa Rostock,8294,VfB Stuttgart II,8458,True,2011-01-29T13:00:00Z,0,1,,,,,,,,,,,,,,,,,,,,,,,,,,,,,,,,,,,,,,,,,False
860967,2010-2011,22,22,RW Ahlen,8147,Unterhaching,8486,True,2011-01-29T13:00:00Z,1,1,,,,,,,,,,,,,,,,,,,,,,,,,,,,,,,,,,,,,,,,,False
860970,2010-2011,22,22,RW Erfurt,8148,TuS Koblenz,8318,True,2011-01-29T13:00:00Z,3,0,,,,,,,,,,,,,,,,,,,,,,,,,,,,,,,,,,,,,,,,,False
860979,2010-2011,22,22,Saarbrücken,8271,Carl Zeiss Jena,8320,True,2011-01-29T13:00:00Z,1,3,,,,,,,,,,,,,,,,,,,,,,,,,,,,,,,,,,,,,,,,,False
860963,2010-2011,22,22,Wehen Wiesbaden,8196,Burghausen,8408,True,2011-01-29T13:00:00Z,3,0,,,,,,,,,,,,,,,,,,,,,,,,,,,,,,,,,,,,,,,,,False
860902,2010-2011,19,19,Jahn Regensburg,7789,TuS Koblenz,8318,True,2011-02-02T18:00:00Z,0,2,,,,,,,,,,,,,,,,,,,,,,,,,,,,,,,,,,,,,,,,,False
860945,2010-2011,21,21,Wehen Wiesbaden,8196,Unterhaching,8486,True,2011-02-02T18:00:00Z,3,0,,,,,,,,,,,,,,,,,,,,,,,,,,,,,,,,,,,,,,,,,False
860995,2010-2011,23,23,FC Heidenheim,94937,Saarbrücken,8271,True,2011-02-04T18:00:00Z,2,0,,,,,,,,,,,,,,,,,,,,,,,,,,,,,,,,,,,,,,,,,False
860985,2010-2011,23,23,Babelsberg,7775,RW Ahlen,8147,True,2011-02-05T13:00:00Z,1,0,,,,,,,,,,,,,,,,,,,,,,,,,,,,,,,,,,,,,,,,,False
860994,2010-2011,23,23,Carl Zeiss Jena,8320,Sandhausen,8086,True,2011-02-05T13:00:00Z,3,0,,,,,,,,,,,,,,,,,,,,,,,,,,,,,,,,,,,,,,,,,False
860991,2010-2011,23,23,Eintracht Braunschweig,9776,Bayern München II,8264,True,2011-02-05T13:00:00Z,2,0,,,,,,,,,,,,,,,,,,,,,,,,,,,,,,,,,,,,,,,,,False
860989,2010-2011,23,23,Kickers Offenbach,8407,Wehen Wiesbaden,8196,True,2011-02-05T13:00:00Z,0,0,,,,,,,,,,,,,,,,,,,,,,,,,,,,,,,,,,,,,,,,,False
860982,2010-2011,23,23,Unterhaching,8486,Aalen,8233,True,2011-02-05T13:00:00Z,2,0,,,,,,,,,,,,,,,,,,,,,,,,,,,,,,,,,,,,,,,,,False
860998,2010-2011,23,23,VfB Stuttgart II,8458,Dynamo Dresden,8480,True,2011-02-05T13:00:00Z,1,0,,,,,,,,,,,,,,,,,,,,,,,,,,,,,,,,,,,,,,,,,False
861004,2010-2011,23,23,Werder Bremen II,8162,RW Erfurt,8148,True,2011-02-05T13:00:00Z,1,2,,,,,,,,,,,,,,,,,,,,,,,,,,,,,,,,,,,,,,,,,False
860987,2010-2011,23,23,Burghausen,8408,Jahn Regensburg,7789,True,2011-02-06T13:00:00Z,0,1,,,,,,,,,,,,,,,,,,,,,,,,,,,,,,,,,,,,,,,,,False
861002,2010-2011,23,23,TuS Koblenz,8318,Hansa Rostock,8294,True,2011-02-06T13:00:00Z,0,2,,,,,,,,,,,,,,,,,,,,,,,,,,,,,,,,,,,,,,,,,False
860899,2010-2011,19,19,RW Ahlen,8147,Hansa Rostock,8294,True,2011-02-09T18:00:00Z,0,2,,,,,,,,,,,,,,,,,,,,,,,,,,,,,,,,,,,,,,,,,False
861032,2010-2011,24,24,Bayern München II,8264,Carl Zeiss Jena,8320,True,2011-02-11T17:30:00Z,1,2,,,,,,,,,,,,,,,,,,,,,,,,,,,,,,,,,,,,,,,,,False
861020,2010-2011,24,24,RW Erfurt,8148,Unterhaching,8486,True,2011-02-11T17:40:00Z,4,0,,,,,,,,,,,,,,,,,,,,,,,,,,,,,,,,,,,,,,,,,False
861026,2010-2011,24,24,Saarbrücken,8271,Dynamo Dresden,8480,True,2011-02-11T17:45:00Z,3,2,,,,,,,,,,,,,,,,,,,,,,,,,,,,,,,,,,,,,,,,,False
861011,2010-2011,24,24,Wehen Wiesbaden,8196,Eintracht Braunschweig,9776,True,2011-02-11T18:00:00Z,0,2,,,,,,,,,,,,,,,,,,,,,,,,,,,,,,,,,,,,,,,,,False
861017,2010-2011,24,24,Aalen,8233,Babelsberg,7775,True,2011-02-12T13:00:00Z,3,2,,,,,,,,,,,,,,,,,,,,,,,,,,,,,,,,,,,,,,,,,False
861023,2010-2011,24,24,Hansa Rostock,8294,Werder Bremen II,8162,True,2011-02-12T13:00:00Z,2,0,,,,,,,,,,,,,,,,,,,,,,,,,,,,,,,,,,,,,,,,,False
861012,2010-2011,24,24,Jahn Regensburg,7789,Kickers Offenbach,8407,True,2011-02-12T13:00:00Z,0,2,,,,,,,,,,,,,,,,,,,,,,,,,,,,,,,,,,,,,,,,,False
861014,2010-2011,24,24,RW Ahlen,8147,Burghausen,8408,True,2011-02-12T13:00:00Z,0,1,,,,,,,,,,,,,,,,,,,,,,,,,,,,,,,,,,,,,,,,,False
861029,2010-2011,24,24,Sandhausen,8086,FC Heidenheim,94937,True,2011-02-12T13:00:00Z,1,2,,,,,,,,,,,,,,,,,,,,,,,,,,,,,,,,,,,,,,,,,False
861010,2010-2011,24,24,TuS Koblenz,8318,VfB Stuttgart II,8458,True,2011-02-12T13:00:00Z,2,0,,,,,,,,,,,,,,,,,,,,,,,,,,,,,,,,,,,,,,,,,False
860906,2010-2011,19,19,Bayern München II,8264,Unterhaching,8486,True,2011-02-15T18:00:00Z,1,0,,,,,,,,,,,,,,,,,,,,,,,,,,,,,,,,,,,,,,,,,False
860937,2010-2011,21,21,Saarbrücken,8271,Kickers Offenbach,8407,True,2011-02-15T18:00:00Z,2,0,,,,,,,,,,,,,,,,,,,,,,,,,,,,,,,,,,,,,,,,,False
860955,2010-2011,21,21,RW Erfurt,8148,VfB Stuttgart II,8458,True,2011-02-16T17:30:00Z,1,2,,,,,,,,,,,,,,,,,,,,,,,,,,,,,,,,,,,,,,,,,False
860951,2010-2011,21,21,Aalen,8233,Hansa Rostock,8294,True,2011-02-16T18:00:00Z,1,1,,,,,,,,,,,,,,,,,,,,,,,,,,,,,,,,,,,,,,,,,False
860947,2010-2011,21,21,Jahn Regensburg,7789,Werder Bremen II,8162,True,2011-02-16T18:00:00Z,0,2,,,,,,,,,,,,,,,,,,,,,,,,,,,,,,,,,,,,,,,,,False
861056,2010-2011,25,25,Babelsberg,7775,RW Erfurt,8148,True,2011-02-19T13:00:00Z,1,1,,,,,,,,,,,,,,,,,,,,,,,,,,,,,,,,,,,,,,,,,False
861035,2010-2011,25,25,Burghausen,8408,Aalen,8233,True,2011-02-19T13:00:00Z,3,2,,,,,,,,,,,,,,,,,,,,,,,,,,,,,,,,,,,,,,,,,False
861042,2010-2011,25,25,Carl Zeiss Jena,8320,Wehen Wiesbaden,8196,True,2011-02-19T13:00:00Z,1,0,,,,,,,,,,,,,,,,,,,,,,,,,,,,,,,,,,,,,,,,,False
861040,2010-2011,25,25,Eintracht Braunschweig,9776,Jahn Regensburg,7789,True,2011-02-19T13:00:00Z,2,0,,,,,,,,,,,,,,,,,,,,,,,,,,,,,,,,,,,,,,,,,False
861044,2010-2011,25,25,FC Heidenheim,94937,Bayern München II,8264,True,2011-02-19T13:00:00Z,3,1,,,,,,,,,,,,,,,,,,,,,,,,,,,,,,,,,,,,,,,,,False
861037,2010-2011,25,25,Kickers Offenbach,8407,RW Ahlen,8147,True,2011-02-19T13:00:00Z,1,2,,,,,,,,,,,,,,,,,,,,,,,,,,,,,,,,,,,,,,,,,False
861053,2010-2011,25,25,Unterhaching,8486,Hansa Rostock,8294,True,2011-02-19T13:00:00Z,3,0,,,,,,,,,,,,,,,,,,,,,,,,,,,,,,,,,,,,,,,,,False
861047,2010-2011,25,25,VfB Stuttgart II,8458,Saarbrücken,8271,True,2011-02-19T13:00:00Z,2,2,,,,,,,,,,,,,,,,,,,,,,,,,,,,,,,,,,,,,,,,,False
861050,2010-2011,25,25,Werder Bremen II,8162,TuS Koblenz,8318,True,2011-02-19T13:00:00Z,0,2,,,,,,,,,,,,,,,,,,,,,,,,,,,,,,,,,,,,,,,,,False
861046,2010-2011,25,25,Dynamo Dresden,8480,Sandhausen,8086,True,2011-02-20T13:00:00Z,3,1,,,,,,,,,,,,,,,,,,,,,,,,,,,,,,,,,,,,,,,,,False
860933,2010-2011,20,20,VfB Stuttgart II,8458,FC Heidenheim,94937,True,2011-02-22T18:00:00Z,2,1,,,,,,,,,,,,,,,,,,,,,,,,,,,,,,,,,,,,,,,,,False
861070,2010-2011,26,26,Sandhausen,8086,Saarbrücken,8271,True,2011-02-25T18:00:00Z,3,1,,,,,,,,,,,,,,,,,,,,,,,,,,,,,,,,,,,,,,,,,False
861063,2010-2011,26,26,Aalen,8233,Kickers Offenbach,8407,True,2011-02-26T13:00:00Z,1,1,,,,,,,,,,,,,,,,,,,,,,,,,,,,,,,,,,,,,,,,,False
861067,2010-2011,26,26,Hansa Rostock,8294,Babelsberg,7775,True,2011-02-26T13:00:00Z,3,0,,,,,,,,,,,,,,,,,,,,,,,,,,,,,,,,,,,,,,,,,False
861062,2010-2011,26,26,RW Ahlen,8147,Eintracht Braunschweig,9776,True,2011-02-26T13:00:00Z,0,3,,,,,,,,,,,,,,,,,,,,,,,,,,,,,,,,,,,,,,,,,False
861066,2010-2011,26,26,RW Erfurt,8148,Burghausen,8408,True,2011-02-26T13:00:00Z,1,1,,,,,,,,,,,,,,,,,,,,,,,,,,,,,,,,,,,,,,,,,False
861069,2010-2011,26,26,TuS Koblenz,8318,Unterhaching,8486,True,2011-02-26T13:00:00Z,1,1,,,,,,,,,,,,,,,,,,,,,,,,,,,,,,,,,,,,,,,,,False
861072,2010-2011,26,26,Wehen Wiesbaden,8196,FC Heidenheim,94937,True,2011-02-26T13:00:00Z,5,2,,,,,,,,,,,,,,,,,,,,,,,,,,,,,,,,,,,,,,,,,False
861060,2010-2011,26,26,Werder Bremen II,8162,VfB Stuttgart II,8458,True,2011-02-26T13:00:00Z,1,1,,,,,,,,,,,,,,,,,,,,,,,,,,,,,,,,,,,,,,,,,False
861071,2010-2011,26,26,Bayern München II,8264,Dynamo Dresden,8480,True,2011-02-27T13:00:00Z,1,2,,,,,,,,,,,,,,,,,,,,,,,,,,,,,,,,,,,,,,,,,False
861102,2010-2011,27,27,Kickers Offenbach,8407,RW Erfurt,8148,True,2011-03-04T18:00:00Z,2,1,,,,,,,,,,,,,,,,,,,,,,,,,,,,,,,,,,,,,,,,,False
861095,2010-2011,27,27,VfB Stuttgart II,8458,Sandhausen,8086,True,2011-03-04T18:00:00Z,0,1,,,,,,,,,,,,,,,,,,,,,,,,,,,,,,,,,,,,,,,,,False
861098,2010-2011,27,27,Babelsberg,7775,TuS Koblenz,8318,True,2011-03-05T13:00:00Z,0,1,,,,,,,,,,,,,,,,,,,,,,,,,,,,,,,,,,,,,,,,,False
861083,2010-2011,27,27,Carl Zeiss Jena,8320,RW Ahlen,8147,True,2011-03-05T13:00:00Z,3,3,,,,,,,,,,,,,,,,,,,,,,,,,,,,,,,,,,,,,,,,,False
861089,2010-2011,27,27,Dynamo Dresden,8480,Wehen Wiesbaden,8196,True,2011-03-05T13:00:00Z,3,0,,,,,,,,,,,,,,,,,,,,,,,,,,,,,,,,,,,,,,,,,False
861080,2010-2011,27,27,Eintracht Braunschweig,9776,Aalen,8233,True,2011-03-05T13:00:00Z,2,0,,,,,,,,,,,,,,,,,,,,,,,,,,,,,,,,,,,,,,,,,False
861086,2010-2011,27,27,FC Heidenheim,94937,Jahn Regensburg,7789,True,2011-03-05T13:00:00Z,0,1,,,,,,,,,,,,,,,,,,,,,,,,,,,,,,,,,,,,,,,,,False
861091,2010-2011,27,27,Saarbrücken,8271,Bayern München II,8264,True,2011-03-05T13:00:00Z,4,1,,,,,,,,,,,,,,,,,,,,,,,,,,,,,,,,,,,,,,,,,False
861097,2010-2011,27,27,Unterhaching,8486,Werder Bremen II,8162,True,2011-03-05T13:00:00Z,2,0,,,,,,,,,,,,,,,,,,,,,,,,,,,,,,,,,,,,,,,,,False
861099,2010-2011,27,27,Burghausen,8408,Hansa Rostock,8294,True,2011-03-05T13:15:00Z,1,4,,,,,,,,,,,,,,,,,,,,,,,,,,,,,,,,,,,,,,,,,False
860961,2010-2011,22,22,Bayern München II,8264,Kickers Offenbach,8407,True,2011-03-08T17:00:00Z,1,0,,,,,,,,,,,,,,,,,,,,,,,,,,,,,,,,,,,,,,,,,False
860801,2010-2011,16,16,RW Ahlen,8147,VfB Stuttgart II,8458,True,2011-03-08T17:30:00Z,2,0,,,,,,,,,,,,,,,,,,,,,,,,,,,,,,,,,,,,,,,,,False
861123,2010-2011,28,28,Bayern München II,8264,Sandhausen,8086,True,2011-03-11T18:00:00Z,0,1,,,,,,,,,,,,,,,,,,,,,,,,,,,,,,,,,,,,,,,,,False
861121,2010-2011,28,28,Werder Bremen II,8162,Babelsberg,7775,True,2011-03-11T18:00:00Z,1,0,,,,,,,,,,,,,,,,,,,,,,,,,,,,,,,,,,,,,,,,,False
861130,2010-2011,28,28,Aalen,8233,Carl Zeiss Jena,8320,True,2011-03-12T13:00:00Z,2,1,,,,,,,,,,,,,,,,,,,,,,,,,,,,,,,,,,,,,,,,,False
861115,2010-2011,28,28,Hansa Rostock,8294,Kickers Offenbach,8407,True,2011-03-12T13:00:00Z,0,0,,,,,,,,,,,,,,,,,,,,,,,,,,,,,,,,,,,,,,,,,False
861126,2010-2011,28,28,Jahn Regensburg,7789,Dynamo Dresden,8480,True,2011-03-12T13:00:00Z,0,1,,,,,,,,,,,,,,,,,,,,,,,,,,,,,,,,,,,,,,,,,False
861128,2010-2011,28,28,RW Ahlen,8147,FC Heidenheim,94937,True,2011-03-12T13:00:00Z,3,1,,,,,,,,,,,,,,,,,,,,,,,,,,,,,,,,,,,,,,,,,False
861111,2010-2011,28,28,RW Erfurt,8148,Eintracht Braunschweig,9776,True,2011-03-12T13:00:00Z,3,1,,,,,,,,,,,,,,,,,,,,,,,,,,,,,,,,,,,,,,,,,False
861118,2010-2011,28,28,TuS Koblenz,8318,Burghausen,8408,True,2011-03-12T13:00:00Z,0,4,,,,,,,,,,,,,,,,,,,,,,,,,,,,,,,,,,,,,,,,,False
861109,2010-2011,28,28,Unterhaching,8486,VfB Stuttgart II,8458,True,2011-03-12T13:00:00Z,0,1,,,,,,,,,,,,,,,,,,,,,,,,,,,,,,,,,,,,,,,,,False
861124,2010-2011,28,28,Wehen Wiesbaden,8196,Saarbrücken,8271,True,2011-03-12T13:00:00Z,2,1,,,,,,,,,,,,,,,,,,,,,,,,,,,,,,,,,,,,,,,,,False
860964,2010-2011,22,22,Jahn Regensburg,7789,Babelsberg,7775,True,2011-03-15T18:00:00Z,1,1,,,,,,,,,,,,,,,,,,,,,,,,,,,,,,,,,,,,,,,,,False
861143,2010-2011,29,29,Babelsberg,7775,Unterhaching,8486,True,2011-03-19T13:00:00Z,0,4,,,,,,,,,,,,,,,,,,,,,,,,,,,,,,,,,,,,,,,,,False
861144,2010-2011,29,29,Burghausen,8408,Werder Bremen II,8162,True,2011-03-19T13:00:00Z,2,1,,,,,,,,,,,,,,,,,,,,,,,,,,,,,,,,,,,,,,,,,False
861135,2010-2011,29,29,Dynamo Dresden,8480,RW Ahlen,8147,True,2011-03-19T13:00:00Z,3,0,,,,,,,,,,,,,,,,,,,,,,,,,,,,,,,,,,,,,,,,,False
861133,2010-2011,29,29,FC Heidenheim,94937,Aalen,8233,True,2011-03-19T13:00:00Z,0,0,,,,,,,,,,,,,,,,,,,,,,,,,,,,,,,,,,,,,,,,,False
861145,2010-2011,29,29,Kickers Offenbach,8407,TuS Koblenz,8318,True,2011-03-19T13:00:00Z,0,0,,,,,,,,,,,,,,,,,,,,,,,,,,,,,,,,,,,,,,,,,False
861137,2010-2011,29,29,Saarbrücken,8271,Jahn Regensburg,7789,True,2011-03-19T13:00:00Z,0,0,,,,,,,,,,,,,,,,,,,,,,,,,,,,,,,,,,,,,,,,,False
861139,2010-2011,29,29,Sandhausen,8086,Wehen Wiesbaden,8196,True,2011-03-19T13:00:00Z,0,0,,,,,,,,,,,,,,,,,,,,,,,,,,,,,,,,,,,,,,,,,False
861140,2010-2011,29,29,VfB Stuttgart II,8458,Bayern München II,8264,True,2011-03-19T13:00:00Z,0,0,,,,,,,,,,,,,,,,,,,,,,,,,,,,,,,,,,,,,,,,,False
861147,2010-2011,29,29,Carl Zeiss Jena,8320,RW Erfurt,8148,True,2011-03-19T13:10:00Z,1,3,,,,,,,,,,,,,,,,,,,,,,,,,,,,,,,,,,,,,,,,,False
861146,2010-2011,29,29,Eintracht Braunschweig,9776,Hansa Rostock,8294,True,2011-03-20T12:15:00Z,2,1,,,,,,,,,,,,,,,,,,,,,,,,,,,,,,,,,,,,,,,,,False
860943,2010-2011,21,21,Bayern München II,8264,Babelsberg,7775,True,2011-03-26T13:00:00Z,1,2,,,,,,,,,,,,,,,,,,,,,,,,,,,,,,,,,,,,,,,,,False
860974,2010-2011,22,22,Dynamo Dresden,8480,FC Heidenheim,94937,True,2011-03-26T13:00:00Z,0,0,,,,,,,,,,,,,,,,,,,,,,,,,,,,,,,,,,,,,,,,,False
861074,2010-2011,26,26,Jahn Regensburg,7789,Carl Zeiss Jena,8320,True,2011-03-26T13:00:00Z,0,0,,,,,,,,,,,,,,,,,,,,,,,,,,,,,,,,,,,,,,,,,False
861150,2010-2011,30,30,Werder Bremen II,8162,Kickers Offenbach,8407,True,2011-04-01T17:00:00Z,0,0,,,,,,,,,,,,,,,,,,,,,,,,,,,,,,,,,,,,,,,,,False
861155,2010-2011,30,30,Aalen,8233,Dynamo Dresden,8480,True,2011-04-02T12:00:00Z,1,0,,,,,,,,,,,,,,,,,,,,,,,,,,,,,,,,,,,,,,,,,False
861148,2010-2011,30,30,Babelsberg,7775,VfB Stuttgart II,8458,True,2011-04-02T12:00:00Z,3,0,,,,,,,,,,,,,,,,,,,,,,,,,,,,,,,,,,,,,,,,,False
861157,2010-2011,30,30,Hansa Rostock,8294,Carl Zeiss Jena,8320,True,2011-04-02T12:00:00Z,2,1,,,,,,,,,,,,,,,,,,,,,,,,,,,,,,,,,,,,,,,,,False
861153,2010-2011,30,30,Jahn Regensburg,7789,Sandhausen,8086,True,2011-04-02T12:00:00Z,0,0,,,,,,,,,,,,,,,,,,,,,,,,,,,,,,,,,,,,,,,,,False
861154,2010-2011,30,30,RW Ahlen,8147,Saarbrücken,8271,True,2011-04-02T12:00:00Z,0,2,,,,,,,,,,,,,,,,,,,,,,,,,,,,,,,,,,,,,,,,,False
861156,2010-2011,30,30,RW Erfurt,8148,FC Heidenheim,94937,True,2011-04-02T12:00:00Z,0,0,,,,,,,,,,,,,,,,,,,,,,,,,,,,,,,,,,,,,,,,,False
861149,2010-2011,30,30,TuS Koblenz,8318,Eintracht Braunschweig,9776,True,2011-04-02T12:00:00Z,0,2,,,,,,,,,,,,,,,,,,,,,,,,,,,,,,,,,,,,,,,,,False
861151,2010-2011,30,30,Unterhaching,8486,Burghausen,8408,True,2011-04-02T12:00:00Z,2,0,,,,,,,,,,,,,,,,,,,,,,,,,,,,,,,,,,,,,,,,,False
861152,2010-2011,30,30,Wehen Wiesbaden,8196,Bayern München II,8264,True,2011-04-02T12:00:00Z,3,0,,,,,,,,,,,,,,,,,,,,,,,,,,,,,,,,,,,,,,,,,False
861165,2010-2011,31,31,Carl Zeiss Jena,8320,TuS Koblenz,8318,True,2011-04-05T16:30:00Z,2,2,,,,,,,,,,,,,,,,,,,,,,,,,,,,,,,,,,,,,,,,,False
861160,2010-2011,31,31,Bayern München II,8264,Jahn Regensburg,7789,True,2011-04-05T17:00:00Z,0,2,,,,,,,,,,,,,,,,,,,,,,,,,,,,,,,,,,,,,,,,,False
861162,2010-2011,31,31,Burghausen,8408,Babelsberg,7775,True,2011-04-05T17:00:00Z,1,2,,,,,,,,,,,,,,,,,,,,,,,,,,,,,,,,,,,,,,,,,False
861158,2010-2011,31,31,Saarbrücken,8271,Aalen,8233,True,2011-04-05T17:00:00Z,3,2,,,,,,,,,,,,,,,,,,,,,,,,,,,,,,,,,,,,,,,,,False
861161,2010-2011,31,31,VfB Stuttgart II,8458,Wehen Wiesbaden,8196,True,2011-04-05T17:00:00Z,3,3,,,,,,,,,,,,,,,,,,,,,,,,,,,,,,,,,,,,,,,,,False
861164,2010-2011,31,31,Eintracht Braunschweig,9776,Werder Bremen II,8162,True,2011-04-06T17:00:00Z,1,2,,,,,,,,,,,,,,,,,,,,,,,,,,,,,,,,,,,,,,,,,False
861166,2010-2011,31,31,FC Heidenheim,94937,Hansa Rostock,8294,True,2011-04-06T17:00:00Z,1,2,,,,,,,,,,,,,,,,,,,,,,,,,,,,,,,,,,,,,,,,,False
861163,2010-2011,31,31,Kickers Offenbach,8407,Unterhaching,8486,True,2011-04-06T17:00:00Z,1,0,,,,,,,,,,,,,,,,,,,,,,,,,,,,,,,,,,,,,,,,,False
861159,2010-2011,31,31,Sandhausen,8086,RW Ahlen,8147,True,2011-04-06T17:00:00Z,5,0,,,,,,,,,,,,,,,,,,,,,,,,,,,,,,,,,,,,,,,,,False
861167,2010-2011,31,31,Dynamo Dresden,8480,RW Erfurt,8148,True,2011-04-06T18:15:00Z,1,3,,,,,,,,,,,,,,,,,,,,,,,,,,,,,,,,,,,,,,,,,False
861173,2010-2011,32,32,Aalen,8233,Sandhausen,8086,True,2011-04-09T12:00:00Z,0,0,,,,,,,,,,,,,,,,,,,,,,,,,,,,,,,,,,,,,,,,,False
861170,2010-2011,32,32,Babelsberg,7775,Kickers Offenbach,8407,True,2011-04-09T12:00:00Z,2,0,,,,,,,,,,,,,,,,,,,,,,,,,,,,,,,,,,,,,,,,,False
861168,2010-2011,32,32,Burghausen,8408,VfB Stuttgart II,8458,True,2011-04-09T12:00:00Z,3,4,,,,,,,,,,,,,,,,,,,,,,,,,,,,,,,,,,,,,,,,,False
861175,2010-2011,32,32,Hansa Rostock,8294,Dynamo Dresden,8480,True,2011-04-09T12:00:00Z,1,0,,,,,,,,,,,,,,,,,,,,,,,,,,,,,,,,,,,,,,,,,False
861171,2010-2011,32,32,Jahn Regensburg,7789,Wehen Wiesbaden,8196,True,2011-04-09T12:00:00Z,0,0,,,,,,,,,,,,,,,,,,,,,,,,,,,,,,,,,,,,,,,,,False
861172,2010-2011,32,32,RW Ahlen,8147,Bayern München II,8264,True,2011-04-09T12:00:00Z,2,0,,,,,,,,,,,,,,,,,,,,,,,,,,,,,,,,,,,,,,,,,False
861174,2010-2011,32,32,RW Erfurt,8148,Saarbrücken,8271,True,2011-04-09T12:00:00Z,1,2,,,,,,,,,,,,,,,,,,,,,,,,,,,,,,,,,,,,,,,,,False
861177,2010-2011,32,32,TuS Koblenz,8318,FC Heidenheim,94937,True,2011-04-09T12:00:00Z,4,0,,,,,,,,,,,,,,,,,,,,,,,,,,,,,,,,,,,,,,,,,False
861178,2010-2011,32,32,Werder Bremen II,8162,Carl Zeiss Jena,8320,True,2011-04-09T12:00:00Z,0,0,,,,,,,,,,,,,,,,,,,,,,,,,,,,,,,,,,,,,,,,,False
861169,2010-2011,32,32,Unterhaching,8486,Eintracht Braunschweig,9776,True,2011-04-10T12:00:00Z,0,1,,,,,,,,,,,,,,,,,,,,,,,,,,,,,,,,,,,,,,,,,False
861188,2010-2011,33,33,Sandhausen,8086,RW Erfurt,8148,True,2011-04-15T16:30:00Z,3,2,,,,,,,,,,,,,,,,,,,,,,,,,,,,,,,,,,,,,,,,,False
861183,2010-2011,33,33,Eintracht Braunschweig,9776,Babelsberg,7775,True,2011-04-15T17:00:00Z,1,1,,,,,,,,,,,,,,,,,,,,,,,,,,,,,,,,,,,,,,,,,False
861179,2010-2011,33,33,Bayern München II,8264,Aalen,8233,True,2011-04-16T12:00:00Z,0,1,,,,,,,,,,,,,,,,,,,,,,,,,,,,,,,,,,,,,,,,,False
861184,2010-2011,33,33,Carl Zeiss Jena,8320,Unterhaching,8486,True,2011-04-16T12:00:00Z,1,2,,,,,,,,,,,,,,,,,,,,,,,,,,,,,,,,,,,,,,,,,False
861186,2010-2011,33,33,Dynamo Dresden,8480,TuS Koblenz,8318,True,2011-04-16T12:00:00Z,1,0,,,,,,,,,,,,,,,,,,,,,,,,,,,,,,,,,,,,,,,,,False
861185,2010-2011,33,33,FC Heidenheim,94937,Werder Bremen II,8162,True,2011-04-16T12:00:00Z,3,1,,,,,,,,,,,,,,,,,,,,,,,,,,,,,,,,,,,,,,,,,False
861182,2010-2011,33,33,Kickers Offenbach,8407,Burghausen,8408,True,2011-04-16T12:00:00Z,2,0,,,,,,,,,,,,,,,,,,,,,,,,,,,,,,,,,,,,,,,,,False
861187,2010-2011,33,33,Saarbrücken,8271,Hansa Rostock,8294,True,2011-04-16T12:00:00Z,3,0,,,,,,,,,,,,,,,,,,,,,,,,,,,,,,,,,,,,,,,,,False
861181,2010-2011,33,33,VfB Stuttgart II,8458,Jahn Regensburg,7789,True,2011-04-16T12:00:00Z,1,2,,,,,,,,,,,,,,,,,,,,,,,,,,,,,,,,,,,,,,,,,False
861180,2010-2011,33,33,Wehen Wiesbaden,8196,RW Ahlen,8147,True,2011-04-16T12:00:00Z,3,0,,,,,,,,,,,,,,,,,,,,,,,,,,,,,,,,,,,,,,,,,False
861196,2010-2011,34,34,Werder Bremen II,8162,Dynamo Dresden,8480,True,2011-04-19T16:30:00Z,0,3,,,,,,,,,,,,,,,,,,,,,,,,,,,,,,,,,,,,,,,,,False
861199,2010-2011,34,34,Babelsberg,7775,Carl Zeiss Jena,8320,True,2011-04-19T17:00:00Z,4,1,,,,,,,,,,,,,,,,,,,,,,,,,,,,,,,,,,,,,,,,,False
861190,2010-2011,34,34,Burghausen,8408,Eintracht Braunschweig,9776,True,2011-04-19T17:00:00Z,0,0,,,,,,,,,,,,,,,,,,,,,,,,,,,,,,,,,,,,,,,,,False
861195,2010-2011,34,34,TuS Koblenz,8318,Saarbrücken,8271,True,2011-04-19T17:00:00Z,1,2,,,,,,,,,,,,,,,,,,,,,,,,,,,,,,,,,,,,,,,,,False
861192,2010-2011,34,34,Aalen,8233,Wehen Wiesbaden,8196,True,2011-04-20T17:00:00Z,1,2,,,,,,,,,,,,,,,,,,,,,,,,,,,,,,,,,,,,,,,,,False
861194,2010-2011,34,34,Hansa Rostock,8294,Sandhausen,8086,True,2011-04-20T17:00:00Z,0,1,,,,,,,,,,,,,,,,,,,,,,,,,,,,,,,,,,,,,,,,,False
861189,2010-2011,34,34,Kickers Offenbach,8407,VfB Stuttgart II,8458,True,2011-04-20T17:00:00Z,2,2,,,,,,,,,,,,,,,,,,,,,,,,,,,,,,,,,,,,,,,,,False
861191,2010-2011,34,34,RW Ahlen,8147,Jahn Regensburg,7789,True,2011-04-20T17:00:00Z,2,0,,,,,,,,,,,,,,,,,,,,,,,,,,,,,,,,,,,,,,,,,False
861193,2010-2011,34,34,RW Erfurt,8148,Bayern München II,8264,True,2011-04-20T17:00:00Z,2,0,,,,,,,,,,,,,,,,,,,,,,,,,,,,,,,,,,,,,,,,,False
861198,2010-2011,34,34,Unterhaching,8486,FC Heidenheim,94937,True,2011-04-20T17:00:00Z,1,1,,,,,,,,,,,,,,,,,,,,,,,,,,,,,,,,,,,,,,,,,False
861203,2010-2011,35,35,Carl Zeiss Jena,8320,Burghausen,8408,True,2011-04-23T12:00:00Z,1,0,,,,,,,,,,,,,,,,,,,,,,,,,,,,,,,,,,,,,,,,,False
861205,2010-2011,35,35,Dynamo Dresden,8480,Unterhaching,8486,True,2011-04-23T12:00:00Z,4,0,,,,,,,,,,,,,,,,,,,,,,,,,,,,,,,,,,,,,,,,,False
861202,2010-2011,35,35,Eintracht Braunschweig,9776,Kickers Offenbach,8407,True,2011-04-23T12:00:00Z,2,1,,,,,,,,,,,,,,,,,,,,,,,,,,,,,,,,,,,,,,,,,False
861204,2010-2011,35,35,FC Heidenheim,94937,Babelsberg,7775,True,2011-04-23T12:00:00Z,1,1,,,,,,,,,,,,,,,,,,,,,,,,,,,,,,,,,,,,,,,,,False
861200,2010-2011,35,35,Jahn Regensburg,7789,Aalen,8233,True,2011-04-23T12:00:00Z,1,1,,,,,,,,,,,,,,,,,,,,,,,,,,,,,,,,,,,,,,,,,False
861206,2010-2011,35,35,Saarbrücken,8271,Werder Bremen II,8162,True,2011-04-23T12:00:00Z,1,0,,,,,,,,,,,,,,,,,,,,,,,,,,,,,,,,,,,,,,,,,False
861207,2010-2011,35,35,Sandhausen,8086,TuS Koblenz,8318,True,2011-04-23T12:00:00Z,0,0,,,,,,,,,,,,,,,,,,,,,,,,,,,,,,,,,,,,,,,,,False
861209,2010-2011,35,35,Wehen Wiesbaden,8196,RW Erfurt,8148,True,2011-04-23T12:00:00Z,0,1,,,,,,,,,,,,,,,,,,,,,,,,,,,,,,,,,,,,,,,,,False
861208,2010-2011,35,35,Bayern München II,8264,Hansa Rostock,8294,True,2011-04-24T12:00:00Z,0,0,,,,,,,,,,,,,,,,,,,,,,,,,,,,,,,,,,,,,,,,,False
861201,2010-2011,35,35,VfB Stuttgart II,8458,RW Ahlen,8147,True,2011-04-24T12:00:00Z,5,1,,,,,,,,,,,,,,,,,,,,,,,,,,,,,,,,,,,,,,,,,False
861217,2010-2011,36,36,Babelsberg,7775,Dynamo Dresden,8480,True,2011-04-29T16:00:00Z,1,1,,,,,,,,,,,,,,,,,,,,,,,,,,,,,,,,,,,,,,,,,False
861219,2010-2011,36,36,Kickers Offenbach,8407,Carl Zeiss Jena,8320,True,2011-04-29T17:00:00Z,0,2,,,,,,,,,,,,,,,,,,,,,,,,,,,,,,,,,,,,,,,,,False
861216,2010-2011,36,36,Unterhaching,8486,Saarbrücken,8271,True,2011-04-29T17:00:00Z,0,2,,,,,,,,,,,,,,,,,,,,,,,,,,,,,,,,,,,,,,,,,False
861211,2010-2011,36,36,Aalen,8233,RW Ahlen,8147,True,2011-04-30T12:00:00Z,3,0,,,,,,,,,,,,,,,,,,,,,,,,,,,,,,,,,,,,,,,,,False
861218,2010-2011,36,36,Burghausen,8408,FC Heidenheim,94937,True,2011-04-30T12:00:00Z,2,2,,,,,,,,,,,,,,,,,,,,,,,,,,,,,,,,,,,,,,,,,False
861210,2010-2011,36,36,Eintracht Braunschweig,9776,VfB Stuttgart II,8458,True,2011-04-30T12:00:00Z,2,1,,,,,,,,,,,,,,,,,,,,,,,,,,,,,,,,,,,,,,,,,False
861213,2010-2011,36,36,Hansa Rostock,8294,Wehen Wiesbaden,8196,True,2011-04-30T12:00:00Z,3,1,,,,,,,,,,,,,,,,,,,,,,,,,,,,,,,,,,,,,,,,,False
861212,2010-2011,36,36,RW Erfurt,8148,Jahn Regensburg,7789,True,2011-04-30T12:00:00Z,0,1,,,,,,,,,,,,,,,,,,,,,,,,,,,,,,,,,,,,,,,,,False
861214,2010-2011,36,36,TuS Koblenz,8318,Bayern München II,8264,True,2011-04-30T12:00:00Z,1,3,,,,,,,,,,,,,,,,,,,,,,,,,,,,,,,,,,,,,,,,,False
861215,2010-2011,36,36,Werder Bremen II,8162,Sandhausen,8086,True,2011-04-30T12:00:00Z,1,1,,,,,,,,,,,,,,,,,,,,,,,,,,,,,,,,,,,,,,,,,False
861220,2010-2011,37,37,Aalen,8233,VfB Stuttgart II,8458,True,2011-05-07T11:30:00Z,1,1,,,,,,,,,,,,,,,,,,,,,,,,,,,,,,,,,,,,,,,,,False
861227,2010-2011,37,37,Bayern München II,8264,Werder Bremen II,8162,True,2011-05-07T11:30:00Z,0,1,,,,,,,,,,,,,,,,,,,,,,,,,,,,,,,,,,,,,,,,,False
861221,2010-2011,37,37,Carl Zeiss Jena,8320,Eintracht Braunschweig,9776,True,2011-05-07T11:30:00Z,2,2,,,,,,,,,,,,,,,,,,,,,,,,,,,,,,,,,,,,,,,,,False
861223,2010-2011,37,37,Dynamo Dresden,8480,Burghausen,8408,True,2011-05-07T11:30:00Z,2,0,,,,,,,,,,,,,,,,,,,,,,,,,,,,,,,,,,,,,,,,,False
861222,2010-2011,37,37,FC Heidenheim,94937,Kickers Offenbach,8407,True,2011-05-07T11:30:00Z,2,1,,,,,,,,,,,,,,,,,,,,,,,,,,,,,,,,,,,,,,,,,False
861230,2010-2011,37,37,Jahn Regensburg,7789,Hansa Rostock,8294,True,2011-05-07T11:30:00Z,2,2,,,,,,,,,,,,,,,,,,,,,,,,,,,,,,,,,,,,,,,,,False
861231,2010-2011,37,37,RW Ahlen,8147,RW Erfurt,8148,True,2011-05-07T11:30:00Z,4,3,,,,,,,,,,,,,,,,,,,,,,,,,,,,,,,,,,,,,,,,,False
861224,2010-2011,37,37,Saarbrücken,8271,Babelsberg,7775,True,2011-05-07T11:30:00Z,3,1,,,,,,,,,,,,,,,,,,,,,,,,,,,,,,,,,,,,,,,,,False
861225,2010-2011,37,37,Sandhausen,8086,Unterhaching,8486,True,2011-05-07T11:30:00Z,0,0,,,,,,,,,,,,,,,,,,,,,,,,,,,,,,,,,,,,,,,,,False
861228,2010-2011,37,37,Wehen Wiesbaden,8196,TuS Koblenz,8318,True,2011-05-07T11:30:00Z,1,0,,,,,,,,,,,,,,,,,,,,,,,,,,,,,,,,,,,,,,,,,False
861242,2010-2011,38,38,Babelsberg,7775,Sandhausen,8086,True,2011-05-14T11:30:00Z,0,0,,,,,,,,,,,,,,,,,,,,,,,,,,,,,,,,,,,,,,,,,False
861243,2010-2011,38,38,Burghausen,8408,Saarbrücken,8271,True,2011-05-14T11:30:00Z,3,4,,,,,,,,,,,,,,,,,,,,,,,,,,,,,,,,,,,,,,,,,False
861245,2010-2011,38,38,Eintracht Braunschweig,9776,FC Heidenheim,94937,True,2011-05-14T11:30:00Z,4,0,,,,,,,,,,,,,,,,,,,,,,,,,,,,,,,,,,,,,,,,,False
861235,2010-2011,38,38,Hansa Rostock,8294,RW Ahlen,8147,True,2011-05-14T11:30:00Z,2,0,,,,,,,,,,,,,,,,,,,,,,,,,,,,,,,,,,,,,,,,,False
861233,2010-2011,38,38,RW Erfurt,8148,Aalen,8233,True,2011-05-14T11:30:00Z,1,0,,,,,,,,,,,,,,,,,,,,,,,,,,,,,,,,,,,,,,,,,False
861237,2010-2011,38,38,TuS Koblenz,8318,Jahn Regensburg,7789,True,2011-05-14T11:30:00Z,0,2,,,,,,,,,,,,,,,,,,,,,,,,,,,,,,,,,,,,,,,,,False
861241,2010-2011,38,38,Unterhaching,8486,Bayern München II,8264,True,2011-05-14T11:30:00Z,0,4,,,,,,,,,,,,,,,,,,,,,,,,,,,,,,,,,,,,,,,,,False
861246,2010-2011,38,38,VfB Stuttgart II,8458,Carl Zeiss Jena,8320,True,2011-05-14T11:30:00Z,3,2,,,,,,,,,,,,,,,,,,,,,,,,,,,,,,,,,,,,,,,,,False
861239,2010-2011,38,38,Werder Bremen II,8162,Wehen Wiesbaden,8196,True,2011-05-14T11:30:00Z,1,4,,,,,,,,,,,,,,,,,,,,,,,,,,,,,,,,,,,,,,,,,False
861244,2010-2011,38,38,Kickers Offenbach,8407,Dynamo Dresden,8480,True,2011-05-14T11:45:00Z,2,3,,,,,,,,,,,,,,,,,,,,,,,,,,,,,,,,,,,,,,,,,False
