matchDateTime,homeTeamName,awayTeamName,odds_home,odds_draw,odds_away,score,season
11 Jul 2020 18:15,Ingolstadt,Nurnberg,3.12,3.3,2.27,3-1,2019-2020
07 Jul 2020 18:15,Nurnberg,Ingolstadt,2.21,3.33,3.33,2-0,2019-2020
04 Jul 2020 14:00,Chemnitzer,Hansa Rostock,2.99,3.63,2.11,4-2,2019-2020
Unknown 14:00,Duisburg,Unterhaching,1.46,4.31,6.23,4-0,2019-2020
Unknown 14:00,Jena,Grossaspach,2.64,3.63,2.33,1-0,2019-2020
Unknown 14:00,Kaiserslautern,Bayern II,3.7,3.82,1.81,1-0,2019-2020
Unknown 14:00,Magdeburg,Preussen Munster,1.72,3.92,4.11,2-2,2019-2020
Unknown 14:00,Mannheim,Zwickau,3.09,3.42,2.16,0-0,2019-2020
Unknown 14:00,Meppen,Braunschweig,1.9,3.86,3.45,4-3,2019-2020
Unknown 14:00,Munich 1860,Ingolstadt,2.83,3.55,2.22,0-2,2019-2020
Unknown 14:00,Uerdingen,Viktoria Koln,2.57,3.58,2.41,1-1,2019-2020
Unknown 14:00,Wurzburger Kickers,Hallescher,1.32,4.91,8.25,2-2,2019-2020
01 Jul 2020 19:00,Bayern II,Duisburg,2.09,3.88,2.95,2-2,2019-2020
Unknown 19:00,Braunschweig,Mannheim,1.74,4.01,3.98,3-2,2019-2020
Unknown 19:00,Viktoria Koln,Wurzburger Kickers,5.98,4.78,1.43,5-1,2019-2020
Unknown 19:00,Hallescher,Kaiserslautern,2.1,3.65,3.08,1-1,2019-2020
Unknown 19:00,Hansa Rostock,Uerdingen,1.58,4.13,5.0,1-0,2019-2020
Unknown 19:00,Ingolstadt,Magdeburg,1.63,3.77,4.95,0-2,2019-2020
Unknown 19:00,Preussen Munster,Meppen,1.76,3.96,3.89,0-3,2019-2020
Unknown 19:00,Grossaspach,Munich 1860,4.24,3.73,1.75,2-4,2019-2020
Unknown 19:00,Unterhaching,Jena,1.5,4.37,5.55,2-2,2019-2020
Unknown 19:00,Zwickau,Chemnitzer,2.5,3.3,2.67,2-1,2019-2020
28 Jun 2020 14:00,Magdeburg,Grossaspach,1.36,4.76,7.71,0-1,2019-2020
Unknown 13:00,Meppen,Ingolstadt,3.28,3.52,2.06,0-2,2019-2020
27 Jun 2020 14:00,Duisburg,Hallescher,2.13,3.53,3.05,2-2,2019-2020
Unknown 14:00,Jena,Bayern II,8.83,5.32,1.3,1-2,2019-2020
Unknown 14:00,Kaiserslautern,Viktoria Koln,1.98,3.62,3.44,3-0,2019-2020
Unknown 14:00,Mannheim,Preussen Munster,2.29,3.3,2.91,0-0,2019-2020
Unknown 14:00,Munich 1860,Unterhaching,1.91,3.71,3.54,3-0,2019-2020
Unknown 14:00,Wurzburger Kickers,Hansa Rostock,2.54,3.38,2.62,3-1,2019-2020
Unknown 14:00,Zwickau,Braunschweig,2.83,3.46,2.3,3-2,2019-2020
26 Jun 2020 19:00,Uerdingen,Chemnitzer,2.88,3.15,2.44,1-1,2019-2020
24 Jun 2020 20:30,Bayern II,Munich 1860,1.95,3.74,3.43,2-1,2019-2020
Unknown 20:30,Hallescher,Jena,1.31,5.23,8.02,5-3,2019-2020
Unknown 20:30,Ingolstadt,Mannheim,1.7,3.74,4.58,2-0,2019-2020
Unknown 19:00,Preussen Munster,Zwickau,2.21,3.35,3.08,2-1,2019-2020
Unknown 19:00,Grossaspach,Meppen,2.64,3.44,2.47,1-2,2019-2020
Unknown 19:00,Unterhaching,Magdeburg,3.45,3.3,2.08,0-0,2019-2020
23 Jun 2020 20:30,Viktoria Koln,Duisburg,3.46,3.54,1.98,1-0,2019-2020
Unknown 20:30,Hansa Rostock,Kaiserslautern,1.49,4.36,5.69,1-1,2019-2020
Unknown 19:00,Chemnitzer,Braunschweig,2.56,3.28,2.66,1-2,2019-2020
Unknown 19:00,Uerdingen,Wurzburger Kickers,4.96,4.12,1.59,1-2,2019-2020
21 Jun 2020 17:00,Zwickau,Ingolstadt,3.63,3.47,1.96,0-3,2019-2020
Unknown 14:00,Munich 1860,Hallescher,1.96,3.46,3.62,2-1,2019-2020
Unknown 13:00,Meppen,Unterhaching,2.29,3.36,2.95,3-0,2019-2020
20 Jun 2020 14:00,Braunschweig,Preussen Munster,1.88,3.43,4.02,1-0,2019-2020
Unknown 14:00,Jena,Viktoria Koln,4.98,4.48,1.54,2-3,2019-2020
Unknown 14:00,Kaiserslautern,Uerdingen,2.07,3.2,3.6,4-0,2019-2020
Unknown 14:00,Magdeburg,Bayern II,2.61,3.46,2.49,2-2,2019-2020
Unknown 14:00,Mannheim,Grossaspach,1.79,3.69,4.14,3-2,2019-2020
20 Jun 2020 14:00,Duisburg,Hansa Rostock,3.25,3.44,2.11,0-0,2019-2020
19 Jun 2020 19:00,Wurzburger Kickers,Chemnitzer,1.64,3.93,4.73,3-0,2019-2020
17 Jun 2020 20:30,Hansa Rostock,Jena,1.23,5.88,10.21,4-0,2019-2020
Unknown 20:30,Uerdingen,Duisburg,3.56,3.47,1.98,1-1,2019-2020
Unknown 19:00,Bayern II,Meppen,1.71,3.93,4.15,5-1,2019-2020
Unknown 19:00,Grossaspach,Zwickau,3.14,3.43,2.12,1-0,2019-2020
Unknown 19:00,Unterhaching,Mannheim,2.43,3.31,2.71,0-0,2019-2020
16 Jun 2020 20:30,Viktoria Koln,Munich 1860,3.56,3.63,1.93,2-0,2019-2020
Unknown 20:30,Hallescher,Magdeburg,2.81,3.07,2.55,1-1,2019-2020
Unknown 19:00,Chemnitzer,Preussen Munster,2.33,3.04,3.13,1-0,2019-2020
Unknown 19:00,Ingolstadt,Braunschweig,1.69,3.78,4.54,0-0,2019-2020
Unknown 19:00,Wurzburger Kickers,Kaiserslautern,1.94,3.61,3.49,2-0,2019-2020
14 Jun 2020 17:00,Mannheim,Bayern II,3.06,3.44,2.18,2-3,2019-2020
Unknown 14:00,Zwickau,Unterhaching,2.69,3.21,2.56,3-3,2019-2020
Unknown 13:00,Jena,Uerdingen,4.08,3.86,1.74,0-0,2019-2020
13 Jun 2020 14:00,Braunschweig,Grossaspach,1.53,3.99,5.79,2-1,2019-2020
Unknown 14:00,Duisburg,Wurzburger Kickers,2.51,3.43,2.57,1-1,2019-2020
Unknown 14:00,Kaiserslautern,Chemnitzer,1.88,3.44,4.0,2-0,2019-2020
Unknown 14:00,Magdeburg,Viktoria Koln,1.79,3.65,4.16,2-0,2019-2020
Unknown 14:00,Munich 1860,Hansa Rostock,2.22,3.51,2.91,0-1,2019-2020
Unknown 14:00,Preussen Munster,Ingolstadt,3.5,3.51,1.98,0-0,2019-2020
12 Jun 2020 19:00,Meppen,Hallescher,2.29,3.38,2.93,2-3,2019-2020
10 Jun 2020 20:30,Kaiserslautern,Duisburg,2.4,3.1,3.0,1-3,2019-2020
Unknown 20:30,Unterhaching,Braunschweig,2.0,3.31,3.69,1-3,2019-2020
Unknown 19:00,Chemnitzer,Ingolstadt,3.37,3.16,2.16,0-1,2019-2020
Unknown 19:00,Grossaspach,Preussen Munster,2.32,3.37,2.88,0-0,2019-2020
Unknown 19:00,Wurzburger Kickers,Jena,1.35,4.99,7.67,4-2,2019-2020
09 Jun 2020 20:30,Hallescher,Mannheim,2.41,3.43,2.69,3-0,2019-2020
Unknown 20:30,Hansa Rostock,Magdeburg,2.27,3.12,3.2,3-1,2019-2020
Unknown 19:00,Bayern II,Zwickau,1.53,4.27,5.44,2-0,2019-2020
Unknown 19:00,Viktoria Koln,Meppen,3.02,3.44,2.21,1-3,2019-2020
Unknown 19:00,Uerdingen,Munich 1860,2.46,3.09,2.92,1-3,2019-2020
07 Jun 2020 17:00,Ingolstadt,Grossaspach,1.4,4.54,6.87,1-1,2019-2020
Unknown 14:00,Jena,Kaiserslautern,6.34,4.28,1.48,1-2,2019-2020
Unknown 13:00,Preussen Munster,Unterhaching,2.7,3.32,2.45,2-1,2019-2020
06 Jun 2020 14:00,Braunschweig,Bayern II,2.98,3.48,2.19,1-1,2019-2020
Unknown 14:00,Duisburg,Chemnitzer,1.77,3.65,4.2,2-1,2019-2020
Unknown 14:00,Mannheim,Viktoria Koln,1.95,3.43,3.71,2-1,2019-2020
Unknown 14:00,Meppen,Hansa Rostock,2.47,3.28,2.68,0-3,2019-2020
Unknown 14:00,Munich 1860,Wurzburger Kickers,2.06,3.44,3.26,1-2,2019-2020
Unknown 14:00,Zwickau,Hallescher,2.67,3.27,2.53,5-1,2019-2020
05 Jun 2020 19:00,Magdeburg,Uerdingen,2.06,3.07,3.82,1-1,2019-2020
03 Jun 2020 20:30,Chemnitzer,Grossaspach,1.53,4.04,5.47,0-1,2019-2020
Unknown 20:30,Kaiserslautern,Munich 1860,2.63,3.15,2.61,1-1,2019-2020
Unknown 19:00,Bayern II,Preussen Munster,1.41,4.74,6.58,3-2,2019-2020
Unknown 19:00,Duisburg,Jena,1.36,4.78,7.01,1-1,2019-2020
Unknown 19:00,Hallescher,Braunschweig,2.03,3.45,3.41,0-1,2019-2020
02 Jun 2020 20:30,Hansa Rostock,Mannheim,1.93,3.42,3.68,0-1,2019-2020
Unknown 20:30,Unterhaching,Ingolstadt,2.83,3.14,2.44,1-2,2019-2020
Unknown 19:00,Viktoria Koln,Zwickau,2.25,3.37,2.89,3-0,2019-2020
02 Jun 2020 19:00,Uerdingen,Meppen,2.35,3.32,2.77,0-0,2019-2020
Unknown 19:00,Wurzburger Kickers,Magdeburg,2.05,3.32,3.4,0-1,2019-2020
31 May 2020 17:00,Jena,Chemnitzer,4.64,3.79,1.65,0-1,2019-2020
Unknown 14:25,Preussen Munster,Hallescher,2.63,3.15,2.6,4-2,2019-2020
Unknown 13:00,Munich 1860,Duisburg,2.22,3.33,3.08,3-2,2019-2020
30 May 2020 14:00,Braunschweig,Viktoria Koln,2.03,3.46,3.4,4-2,2019-2020
Unknown 14:00,Ingolstadt,Bayern II,2.61,3.43,2.46,1-2,2019-2020
Unknown 14:00,Magdeburg,Kaiserslautern,2.54,3.12,2.71,0-1,2019-2020
Unknown 14:00,Mannheim,Uerdingen,2.02,3.4,3.46,1-2,2019-2020
Unknown 14:00,Meppen,Wurzburger Kickers,2.15,3.18,3.27,1-3,2019-2020
Unknown 14:00,Grossaspach,Unterhaching,3.63,3.68,1.86,0-2,2019-2020
Unknown 14:00,Zwickau,Hansa Rostock,3.41,3.27,2.07,2-2,2019-2020
09 Mar 2020 19:00,Hansa Rostock,Braunschweig,2.01,3.36,3.58,3-0,2019-2020
08 Mar 2020 14:00,Hallescher,Ingolstadt,2.72,3.29,2.49,1-1,2019-2020
Unknown 13:00,Uerdingen,Zwickau,2.19,3.4,3.11,4-2,2019-2020
07 Mar 2020 14:00,Bayern II,Grossaspach,1.34,5.17,7.49,2-0,2019-2020
Unknown 14:00,Chemnitzer,Unterhaching,1.98,3.5,3.49,1-0,2019-2020
Unknown 14:00,Viktoria Koln,Preussen Munster,2.32,3.39,2.85,2-1,2019-2020
Unknown 14:00,Jena,Munich 1860,4.14,3.63,1.8,0-3,2019-2020
Unknown 14:00,Kaiserslautern,Meppen,2.15,3.39,3.18,3-3,2019-2020
Unknown 14:00,Wurzburger Kickers,Mannheim,1.85,3.75,3.71,0-0,2019-2020
06 Mar 2020 19:00,Duisburg,Magdeburg,2.11,3.38,3.25,1-0,2019-2020
02 Mar 2020 19:00,Preussen Munster,Hansa Rostock,2.98,3.25,2.31,1-0,2019-2020
01 Mar 2020 14:00,Meppen,Duisburg,2.25,3.41,2.96,1-0,2019-2020
Unknown 13:00,Ingolstadt,Viktoria Koln,1.66,4.11,4.34,0-1,2019-2020
29 Feb 2020 14:00,Braunschweig,Uerdingen,2.37,3.17,2.96,4-1,2019-2020
Unknown 14:00,Magdeburg,Jena,1.55,4.03,5.54,6-2,2019-2020
Unknown 14:00,Mannheim,Kaiserslautern,2.43,3.31,2.61,1-1,2019-2020
Unknown 14:00,Munich 1860,Chemnitzer,1.87,3.52,3.9,4-3,2019-2020
Unknown 14:00,Grossaspach,Hallescher,3.69,3.51,1.89,1-0,2019-2020
Unknown 14:00,Zwickau,Wurzburger Kickers,3.36,3.49,2.04,1-2,2019-2020
28 Feb 2020 19:00,Unterhaching,Bayern II,2.9,3.48,2.27,0-1,2019-2020
24 Feb 2020 19:00,Chemnitzer,Bayern II,2.66,3.47,2.43,1-0,2019-2020
23 Feb 2020 14:00,Hallescher,Unterhaching,2.08,3.27,3.46,3-5,2019-2020
Unknown 13:00,Munich 1860,Magdeburg,2.24,3.16,3.21,1-1,2019-2020
22 Feb 2020 14:00,Duisburg,Mannheim,1.79,3.74,3.98,2-3,2019-2020
Unknown 14:00,Hansa Rostock,Ingolstadt,2.36,3.3,2.85,3-0,2019-2020
Unknown 14:00,Jena,Meppen,3.33,3.4,2.08,0-2,2019-2020
Unknown 14:00,Kaiserslautern,Zwickau,1.6,4.0,5.02,0-0,2019-2020
Unknown 14:00,Uerdingen,Preussen Munster,1.8,3.5,4.22,0-2,2019-2020
Unknown 14:00,Wurzburger Kickers,Braunschweig,1.87,3.75,3.67,3-1,2019-2020
21 Feb 2020 19:00,Viktoria Koln,Grossaspach,1.81,3.83,3.9,1-0,2019-2020
17 Feb 2020 19:00,Bayern II,Hallescher,1.81,3.74,3.84,6-1,2019-2020
16 Feb 2020 14:00,Mannheim,Jena,1.64,3.85,4.59,1-1,2019-2020
Unknown 13:00,Zwickau,Duisburg,3.06,3.46,2.16,1-0,2019-2020
15 Feb 2020 14:00,Braunschweig,Kaiserslautern,2.91,3.21,2.39,2-0,2019-2020
Unknown 14:00,Ingolstadt,Uerdingen,1.79,3.58,4.08,0-1,2019-2020
Unknown 14:00,Magdeburg,Chemnitzer,1.73,3.59,4.49,1-1,2019-2020
Unknown 14:00,Meppen,Munich 1860,1.99,3.42,3.51,1-1,2019-2020
Unknown 14:00,Unterhaching,Viktoria Koln,1.82,3.55,3.99,1-1,2019-2020
15 Feb 2020 14:00,Grossaspach,Hansa Rostock,3.44,3.37,2.03,0-1,2019-2020
14 Feb 2020 19:00,Preussen Munster,Wurzburger Kickers,3.42,3.68,1.94,0-0,2019-2020
10 Feb 2020 19:00,Jena,Zwickau,2.85,3.38,2.33,2-1,2019-2020
09 Feb 2020 14:00,Chemnitzer,Hallescher,2.41,3.27,2.82,3-0,2019-2020
Unknown 13:00,Wurzburger Kickers,Ingolstadt,2.37,3.46,2.75,3-1,2019-2020
08 Feb 2020 14:00,Viktoria Koln,Bayern II,2.78,3.79,2.22,2-4,2019-2020
Unknown 14:00,Hansa Rostock,Unterhaching,2.05,3.14,3.74,1-1,2019-2020
Unknown 14:00,Kaiserslautern,Preussen Munster,1.51,4.26,5.52,1-1,2019-2020
Unknown 14:00,Magdeburg,Meppen,1.98,3.47,3.55,0-2,2019-2020
Unknown 14:00,Munich 1860,Mannheim,2.21,3.34,3.09,1-1,2019-2020
Unknown 14:00,Uerdingen,Grossaspach,1.78,3.58,4.26,2-1,2019-2020
07 Feb 2020 19:00,Duisburg,Braunschweig,1.66,4.01,4.47,1-1,2019-2020
03 Feb 2020 19:00,Grossaspach,Wurzburger Kickers,3.33,3.68,1.99,0-6,2019-2020
02 Feb 2020 14:00,Zwickau,Munich 1860,2.83,3.36,2.34,2-2,2019-2020
Unknown 13:00,Mannheim,Magdeburg,2.3,3.3,2.95,1-1,2019-2020
01 Feb 2020 14:00,Bayern II,Hansa Rostock,2.31,3.38,2.87,1-0,2019-2020
Unknown 14:00,Braunschweig,Jena,1.69,3.81,4.54,1-1,2019-2020
Unknown 14:00,Ingolstadt,Kaiserslautern,2.19,3.64,2.93,2-1,2019-2020
Unknown 14:00,Meppen,Chemnitzer,1.73,3.95,4.13,1-2,2019-2020
Unknown 14:00,Preussen Munster,Duisburg,3.39,3.49,2.03,1-4,2019-2020
Unknown 14:00,Unterhaching,Uerdingen,1.96,3.34,3.8,1-0,2019-2020
31 Jan 2020 19:00,Hallescher,Viktoria Koln,1.79,3.77,3.92,3-4,2019-2020
27 Jan 2020 19:00,Kaiserslautern,Grossaspach,1.36,4.88,7.13,0-0,2019-2020
26 Jan 2020 14:00,Uerdingen,Bayern II,2.06,3.58,3.23,0-3,2019-2020
Unknown 13:00,Munich 1860,Braunschweig,2.15,3.29,3.26,4-1,2019-2020
25 Jan 2020 14:00,Chemnitzer,Viktoria Koln,1.77,3.83,4.04,2-2,2019-2020
Unknown 14:00,Duisburg,Ingolstadt,2.35,3.39,2.8,1-1,2019-2020
Unknown 14:00,Jena,Preussen Munster,2.12,3.42,3.22,1-2,2019-2020
Unknown 14:00,Magdeburg,Zwickau,1.73,3.61,4.63,1-2,2019-2020
Unknown 14:00,Meppen,Mannheim,2.09,3.72,3.04,0-1,2019-2020
Unknown 14:00,Wurzburger Kickers,Unterhaching,1.9,3.68,3.61,1-2,2019-2020
24 Jan 2020 19:00,Hansa Rostock,Hallescher,2.45,3.0,2.99,1-0,2019-2020
22 Dec 2019 15:00,Bayern II,Wurzburger Kickers,2.85,3.75,2.19,1-1,2019-2020
Unknown 14:00,Ingolstadt,Jena,1.45,4.5,6.05,5-1,2019-2020
Unknown 13:00,Hallescher,Uerdingen,1.96,3.32,3.79,1-1,2019-2020
21 Dec 2019 14:00,Braunschweig,Magdeburg,2.92,3.22,2.38,2-2,2019-2020
Unknown 14:00,Mannheim,Chemnitzer,1.76,3.93,3.96,4-3,2019-2020
Unknown 14:00,Preussen Munster,Munich 1860,2.91,3.44,2.27,0-1,2019-2020
Unknown 14:00,Grossaspach,Duisburg,3.72,3.98,1.8,1-1,2019-2020
Unknown 14:00,Unterhaching,Kaiserslautern,2.9,3.52,2.24,1-1,2019-2020
Unknown 14:00,Zwickau,Meppen,2.78,3.52,2.32,2-2,2019-2020
20 Dec 2019 19:00,Viktoria Koln,Hansa Rostock,2.83,3.36,2.36,1-5,2019-2020
16 Dec 2019 19:00,Ingolstadt,Munich 1860,1.87,3.58,3.89,2-2,2019-2020
15 Dec 2019 14:00,Unterhaching,Duisburg,2.77,3.27,2.45,2-2,2019-2020
Unknown 13:00,Grossaspach,Jena,2.32,3.5,2.81,1-2,2019-2020
14 Dec 2019 14:00,Bayern II,Kaiserslautern,3.29,3.8,1.97,1-3,2019-2020
Unknown 14:00,Braunschweig,Meppen,2.53,3.4,2.6,1-2,2019-2020
Unknown 14:00,Viktoria Koln,Uerdingen,2.67,3.38,2.48,0-1,2019-2020
Unknown 14:00,Hallescher,Wurzburger Kickers,1.97,3.44,3.62,2-5,2019-2020
Unknown 14:00,Zwickau,Mannheim,2.74,3.39,2.41,0-1,2019-2020
14 Dec 2019 14:00,Hansa Rostock,Chemnitzer,2.13,3.29,3.33,1-2,2019-2020
13 Dec 2019 19:00,Preussen Munster,Magdeburg,4.46,4.16,1.64,2-0,2019-2020
09 Dec 2019 19:00,Meppen,Preussen Munster,1.6,4.27,4.58,3-1,2019-2020
08 Dec 2019 14:00,Duisburg,Bayern II,1.73,3.99,4.09,3-2,2019-2020
Unknown 13:00,Mannheim,Braunschweig,2.12,3.67,3.06,0-0,2019-2020
07 Dec 2019 14:00,Jena,Unterhaching,2.43,3.35,2.73,0-3,2019-2020
Unknown 14:00,Kaiserslautern,Hallescher,2.47,3.17,2.84,1-0,2019-2020
Unknown 14:00,Magdeburg,Ingolstadt,2.02,3.46,3.45,0-2,2019-2020
Unknown 14:00,Munich 1860,Grossaspach,1.6,4.1,4.87,1-1,2019-2020
Unknown 14:00,Uerdingen,Hansa Rostock,2.93,3.32,2.32,4-1,2019-2020
Unknown 14:00,Wurzburger Kickers,Viktoria Koln,1.85,3.7,3.8,3-1,2019-2020
06 Dec 2019 19:00,Chemnitzer,Zwickau,2.27,3.38,2.96,2-2,2019-2020
02 Dec 2019 19:00,Braunschweig,Zwickau,2.19,3.42,3.12,3-1,2019-2020
01 Dec 2019 14:00,Unterhaching,Munich 1860,2.46,3.25,2.79,2-3,2019-2020
Unknown 13:00,Ingolstadt,Meppen,1.69,3.96,4.25,1-1,2019-2020
30 Nov 2019 14:00,Chemnitzer,Uerdingen,2.02,3.52,3.4,1-1,2019-2020
Unknown 14:00,Viktoria Koln,Kaiserslautern,3.0,3.6,2.16,2-4,2019-2020
Unknown 14:00,Hallescher,Duisburg,1.89,3.69,3.64,1-0,2019-2020
Unknown 14:00,Hansa Rostock,Wurzburger Kickers,2.05,3.46,3.39,1-0,2019-2020
Unknown 14:00,Preussen Munster,Mannheim,2.99,3.6,2.17,1-3,2019-2020
Unknown 14:00,Grossaspach,Magdeburg,4.52,3.96,1.67,1-2,2019-2020
29 Nov 2019 19:00,Bayern II,Jena,1.68,4.11,4.27,2-3,2019-2020
25 Nov 2019 19:00,Duisburg,Viktoria Koln,1.7,4.05,4.2,2-1,2019-2020
24 Nov 2019 14:00,Munich 1860,Bayern II,2.41,3.43,2.75,1-1,2019-2020
Unknown 13:00,Kaiserslautern,Hansa Rostock,2.44,3.27,2.78,2-0,2019-2020
23 Nov 2019 14:00,Braunschweig,Chemnitzer,1.86,3.6,3.87,2-1,2019-2020
Unknown 14:00,Magdeburg,Unterhaching,1.84,3.51,4.14,3-0,2019-2020
Unknown 14:00,Mannheim,Ingolstadt,2.91,3.58,2.22,0-0,2019-2020
Unknown 14:00,Meppen,Grossaspach,1.52,4.36,5.35,2-1,2019-2020
Unknown 14:00,Wurzburger Kickers,Uerdingen,1.74,3.78,4.3,1-2,2019-2020
Unknown 14:00,Zwickau,Preussen Munster,1.79,3.73,4.03,4-2,2019-2020
22 Nov 2019 19:00,Jena,Hallescher,3.74,3.54,1.91,0-3,2019-2020
11 Nov 2019 19:00,Preussen Munster,Braunschweig,3.06,3.35,2.2,1-1,2019-2020
10 Nov 2019 14:00,Chemnitzer,Wurzburger Kickers,2.69,3.68,2.33,0-0,2019-2020
Unknown 13:00,Bayern II,Magdeburg,2.81,3.57,2.28,2-1,2019-2020
09 Nov 2019 14:00,Hallescher,Munich 1860,1.56,3.97,5.49,0-1,2019-2020
Unknown 14:00,Hansa Rostock,Duisburg,2.1,3.44,3.28,1-2,2019-2020
Unknown 14:00,Ingolstadt,Zwickau,1.78,3.73,4.12,4-2,2019-2020
Unknown 14:00,Grossaspach,Mannheim,2.98,3.66,2.15,0-3,2019-2020
Unknown 14:00,Uerdingen,Kaiserslautern,2.35,3.51,2.78,0-3,2019-2020
Unknown 14:00,Unterhaching,Meppen,1.9,3.7,3.65,0-0,2019-2020
08 Nov 2019 19:00,Viktoria Koln,Jena,1.72,3.91,4.26,2-2,2019-2020
04 Nov 2019 19:00,Duisburg,Uerdingen,1.86,3.72,3.73,2-0,2019-2020
03 Nov 2019 14:00,Jena,Hansa Rostock,4.07,3.58,1.84,3-1,2019-2020
Unknown 13:00,Meppen,Bayern II,1.84,3.99,3.61,5-3,2019-2020
02 Nov 2019 14:00,Braunschweig,Ingolstadt,2.3,3.36,2.94,0-3,2019-2020
Unknown 14:00,Kaiserslautern,Wurzburger Kickers,2.55,3.53,2.5,2-3,2019-2020
Unknown 14:00,Magdeburg,Hallescher,2.55,3.15,2.75,1-0,2019-2020
Unknown 14:00,Munich 1860,Viktoria Koln,2.2,3.38,3.09,4-2,2019-2020
Unknown 14:00,Preussen Munster,Chemnitzer,2.24,3.59,2.9,3-3,2019-2020
02 Nov 2019 14:00,Mannheim,Unterhaching,2.17,3.58,3.02,0-3,2019-2020
01 Nov 2019 19:00,Zwickau,Grossaspach,1.59,3.99,5.06,0-1,2019-2020
28 Oct 2019 19:00,Bayern II,Mannheim,2.53,3.68,2.47,2-2,2019-2020
27 Oct 2019 14:00,Grossaspach,Braunschweig,4.44,3.8,1.71,1-3,2019-2020
Unknown 13:00,Chemnitzer,Kaiserslautern,2.45,3.49,2.66,3-1,2019-2020
26 Oct 2019 14:00,Hallescher,Meppen,1.58,4.08,5.17,3-3,2019-2020
Unknown 14:00,Hansa Rostock,Munich 1860,1.73,3.69,4.5,2-1,2019-2020
Unknown 14:00,Ingolstadt,Preussen Munster,1.42,4.71,6.27,3-2,2019-2020
Unknown 14:00,Uerdingen,Jena,1.75,3.8,4.2,2-0,2019-2020
Unknown 14:00,Unterhaching,Zwickau,2.24,3.33,3.08,0-0,2019-2020
Unknown 14:00,Wurzburger Kickers,Duisburg,1.98,3.76,3.33,0-2,2019-2020
25 Oct 2019 19:00,Viktoria Koln,Magdeburg,3.11,3.37,2.2,1-1,2019-2020
21 Oct 2019 19:00,Meppen,Viktoria Koln,2.02,3.66,3.28,1-1,2019-2020
20 Oct 2019 14:00,Jena,Wurzburger Kickers,3.72,3.53,1.92,1-1,2019-2020
Unknown 13:00,Zwickau,Bayern II,2.33,3.53,2.77,3-0,2019-2020
19 Oct 2019 14:00,Braunschweig,Unterhaching,2.02,3.45,3.49,0-0,2019-2020
Unknown 14:00,Ingolstadt,Chemnitzer,1.51,4.29,5.3,1-1,2019-2020
Unknown 14:00,Magdeburg,Hansa Rostock,2.06,3.27,3.56,0-1,2019-2020
Unknown 14:00,Mannheim,Hallescher,2.59,3.45,2.52,0-4,2019-2020
Unknown 14:00,Munich 1860,Uerdingen,2.07,3.52,3.28,0-1,2019-2020
Unknown 14:00,Preussen Munster,Grossaspach,2.02,3.61,3.31,1-1,2019-2020
18 Oct 2019 19:00,Duisburg,Kaiserslautern,2.04,3.68,3.22,3-1,2019-2020
07 Oct 2019 19:00,Wurzburger Kickers,Munich 1860,1.83,3.68,3.97,2-1,2019-2020
06 Oct 2019 14:00,Chemnitzer,Duisburg,3.46,3.94,1.87,3-1,2019-2020
Unknown 13:00,Bayern II,Braunschweig,2.19,3.64,2.92,2-0,2019-2020
05 Oct 2019 14:00,Viktoria Koln,Mannheim,3.14,3.8,2.05,2-2,2019-2020
Unknown 14:00,Hallescher,Zwickau,1.59,4.12,4.95,1-1,2019-2020
Unknown 14:00,Hansa Rostock,Meppen,1.93,3.51,3.7,2-1,2019-2020
Unknown 14:00,Kaiserslautern,Jena,1.56,4.15,5.22,3-1,2019-2020
Unknown 14:00,Grossaspach,Ingolstadt,3.56,3.78,1.9,1-5,2019-2020
Unknown 14:00,Unterhaching,Preussen Munster,1.6,4.12,4.8,2-2,2019-2020
04 Oct 2019 19:00,Uerdingen,Magdeburg,3.4,3.46,2.04,0-0,2019-2020
02 Oct 2019 19:00,Duisburg,Meppen,1.72,3.97,4.18,1-3,2019-2020
30 Sep 2019 19:00,Ingolstadt,Unterhaching,2.04,3.38,3.48,0-0,2019-2020
29 Sep 2019 14:00,Meppen,Uerdingen,1.71,3.99,4.22,1-2,2019-2020
Unknown 13:00,Mannheim,Hansa Rostock,2.28,3.54,2.85,1-1,2019-2020
28 Sep 2019 14:00,Braunschweig,Hallescher,2.45,3.39,2.71,1-1,2019-2020
Unknown 14:00,Jena,Duisburg,4.7,4.23,1.6,1-2,2019-2020
Unknown 14:00,Munich 1860,Kaiserslautern,2.2,3.47,3.05,3-1,2019-2020
Unknown 14:00,Preussen Munster,Bayern II,2.63,3.57,2.43,1-4,2019-2020
Unknown 14:00,Grossaspach,Chemnitzer,2.0,3.54,3.44,2-0,2019-2020
Unknown 14:00,Zwickau,Viktoria Koln,2.04,3.68,3.21,4-0,2019-2020
27 Sep 2019 19:00,Magdeburg,Wurzburger Kickers,1.95,3.45,3.69,3-0,2019-2020
23 Sep 2019 19:00,Uerdingen,Mannheim,2.76,3.56,2.33,0-3,2019-2020
22 Sep 2019 14:00,Bayern II,Ingolstadt,2.76,3.6,2.31,2-1,2019-2020
Unknown 13:00,Hansa Rostock,Zwickau,1.78,3.64,4.21,1-1,2019-2020
21 Sep 2019 14:00,Chemnitzer,Jena,1.87,3.65,3.78,3-2,2019-2020
Unknown 14:00,Duisburg,Munich 1860,1.71,3.83,4.36,2-1,2019-2020
Unknown 14:00,Kaiserslautern,Magdeburg,2.57,3.31,2.61,1-1,2019-2020
Unknown 14:00,Unterhaching,Grossaspach,1.6,4.05,4.95,2-0,2019-2020
21 Sep 2019 14:00,Viktoria Koln,Braunschweig,2.79,3.06,2.6,0-0,2019-2020
Unknown 14:00,Hallescher,Preussen Munster,1.32,4.88,9.03,2-2,2019-2020
20 Sep 2019 19:00,Wurzburger Kickers,Meppen,2.05,3.42,3.43,3-2,2019-2020
16 Sep 2019 19:00,Unterhaching,Chemnitzer,1.52,4.22,5.56,2-1,2019-2020
15 Sep 2019 14:00,Braunschweig,Hansa Rostock,2.0,3.34,3.66,1-2,2019-2020
Unknown 13:00,Ingolstadt,Hallescher,2.43,3.14,2.93,2-3,2019-2020
14 Sep 2019 14:00,Mannheim,Wurzburger Kickers,2.08,3.57,3.22,1-2,2019-2020
Unknown 14:00,Meppen,Kaiserslautern,2.5,3.38,2.64,6-1,2019-2020
Unknown 14:00,Munich 1860,Jena,1.56,4.04,5.4,3-1,2019-2020
Unknown 14:00,Preussen Munster,Viktoria Koln,2.9,3.53,2.26,2-3,2019-2020
Unknown 14:00,Grossaspach,Bayern II,2.96,3.54,2.21,2-2,2019-2020
Unknown 14:00,Zwickau,Uerdingen,1.85,3.62,3.88,1-2,2019-2020
13 Sep 2019 19:00,Magdeburg,Duisburg,2.36,3.28,2.9,1-1,2019-2020
02 Sep 2019 19:00,Jena,Magdeburg,5.46,4.16,1.54,1-1,2019-2020
01 Sep 2019 14:00,Uerdingen,Braunschweig,3.59,3.51,1.96,1-2,2019-2020
Unknown 13:00,Kaiserslautern,Mannheim,2.11,3.46,3.21,1-1,2019-2020
31 Aug 2019 14:00,Bayern II,Unterhaching,2.29,3.4,2.94,1-2,2019-2020
Unknown 14:00,Viktoria Koln,Ingolstadt,3.2,3.5,2.11,3-0,2019-2020
Unknown 14:00,Hallescher,Grossaspach,1.43,4.27,7.11,4-0,2019-2020
Unknown 14:00,Hansa Rostock,Preussen Munster,1.71,3.8,4.45,1-0,2019-2020
Unknown 14:00,Wurzburger Kickers,Zwickau,1.88,3.55,3.89,0-2,2019-2020
30 Aug 2019 18:00,Chemnitzer,Munich 1860,2.87,3.33,2.36,0-1,2019-2020
26 Aug 2019 19:00,Zwickau,Kaiserslautern,2.29,3.41,2.9,3-5,2019-2020
25 Aug 2019 14:00,Unterhaching,Hallescher,2.87,3.34,2.36,0-3,2019-2020
Unknown 13:00,Mannheim,Duisburg,2.45,3.46,2.74,4-3,2019-2020
24 Aug 2019 14:00,Bayern II,Chemnitzer,1.68,4.0,4.41,2-2,2019-2020
Unknown 14:00,Braunschweig,Wurzburger Kickers,2.07,3.53,3.27,5-2,2019-2020
Unknown 14:00,Magdeburg,Munich 1860,1.85,3.55,3.89,5-1,2019-2020
Unknown 14:00,Meppen,Jena,1.59,4.07,5.01,3-0,2019-2020
Unknown 14:00,Preussen Munster,Uerdingen,2.02,3.64,3.31,1-1,2019-2020
Unknown 14:00,Grossaspach,Viktoria Koln,2.5,3.42,2.63,0-3,2019-2020
23 Aug 2019 19:00,Ingolstadt,Hansa Rostock,1.67,3.88,4.64,2-2,2019-2020
19 Aug 2019 19:00,Hallescher,Bayern II,1.85,3.61,3.92,1-2,2019-2020
18 Aug 2019 14:00,Jena,Mannheim,3.37,3.37,2.16,1-2,2019-2020
Unknown 13:00,Kaiserslautern,Braunschweig,2.43,3.14,2.91,0-3,2019-2020
17 Aug 2019 14:00,Duisburg,Zwickau,1.74,3.77,4.35,3-1,2019-2020
Unknown 14:00,Viktoria Koln,Unterhaching,2.39,3.34,2.8,0-2,2019-2020
Unknown 14:00,Hansa Rostock,Grossaspach,1.75,3.51,4.67,0-1,2019-2020
Unknown 14:00,Munich 1860,Meppen,2.04,3.47,3.38,0-0,2019-2020
Unknown 14:00,Uerdingen,Ingolstadt,3.9,3.6,1.86,0-3,2019-2020
Unknown 14:00,Wurzburger Kickers,Preussen Munster,1.75,3.7,4.39,3-2,2019-2020
16 Aug 2019 19:00,Chemnitzer,Magdeburg,4.58,3.78,1.69,0-0,2019-2020
05 Aug 2019 19:00,Mannheim,Munich 1860,2.22,3.35,3.08,4-0,2019-2020
04 Aug 2019 14:00,Zwickau,Jena,1.67,3.77,4.77,2-0,2019-2020
Unknown 13:00,Braunschweig,Duisburg,1.95,3.51,3.63,0-3,2019-2020
03 Aug 2019 14:00,Bayern II,Viktoria Koln,2.01,3.53,3.42,2-5,2019-2020
Unknown 14:00,Hallescher,Chemnitzer,1.43,4.34,7.07,3-1,2019-2020
Unknown 14:00,Preussen Munster,Kaiserslautern,2.86,3.2,2.44,3-2,2019-2020
Unknown 14:00,Grossaspach,Uerdingen,2.32,3.38,2.9,2-2,2019-2020
Unknown 14:00,Unterhaching,Hansa Rostock,2.35,3.4,2.84,1-0,2019-2020
03 Aug 2019 14:00,Meppen,Magdeburg,2.6,3.19,2.68,1-3,2019-2020
02 Aug 2019 19:00,Ingolstadt,Wurzburger Kickers,1.77,3.63,4.28,3-0,2019-2020
31 Jul 2019 19:00,Chemnitzer,Meppen,2.53,3.34,2.63,2-4,2019-2020
Unknown 19:00,Duisburg,Preussen Munster,1.89,3.59,3.65,2-0,2019-2020
Unknown 19:00,Viktoria Koln,Hallescher,3.27,3.31,2.15,0-2,2019-2020
Unknown 19:00,Magdeburg,Mannheim,2.02,3.53,3.36,1-1,2019-2020
Unknown 19:00,Munich 1860,Zwickau,2.06,3.36,3.47,3-0,2019-2020
30 Jul 2019 19:00,Hansa Rostock,Bayern II,1.97,3.51,3.58,2-1,2019-2020
Unknown 19:00,Jena,Braunschweig,3.51,3.41,2.01,0-2,2019-2020
Unknown 19:00,Kaiserslautern,Ingolstadt,2.65,3.28,2.55,0-0,2019-2020
Unknown 19:00,Uerdingen,Unterhaching,2.7,3.41,2.44,2-2,2019-2020
Unknown 19:00,Wurzburger Kickers,Grossaspach,1.46,4.44,6.15,0-3,2019-2020
28 Jul 2019 14:00,Zwickau,Magdeburg,2.75,3.13,2.54,0-0,2019-2020
Unknown 13:00,Viktoria Koln,Chemnitzer,1.76,3.58,4.44,3-2,2019-2020
27 Jul 2019 14:00,Braunschweig,Munich 1860,1.65,3.72,4.8,2-1,2019-2020
Unknown 14:00,Hallescher,Hansa Rostock,1.89,3.41,4.02,1-0,2019-2020
Unknown 14:00,Ingolstadt,Duisburg,1.68,3.83,4.64,3-2,2019-2020
Unknown 14:00,Mannheim,Meppen,1.74,3.64,4.44,0-0,2019-2020
Unknown 14:00,Preussen Munster,Jena,1.98,3.48,3.57,2-0,2019-2020
Unknown 14:00,Grossaspach,Kaiserslautern,2.94,3.22,2.37,1-3,2019-2020
Unknown 14:00,Unterhaching,Wurzburger Kickers,2.36,3.32,2.88,5-4,2019-2020
26 Jul 2019 19:00,Bayern II,Uerdingen,2.27,3.46,2.83,2-1,2019-2020
22 Jul 2019 19:00,Jena,Ingolstadt,3.53,3.43,2.0,1-2,2019-2020
21 Jul 2019 14:00,Uerdingen,Hallescher,2.58,3.3,2.6,1-0,2019-2020
Unknown 13:00,Chemnitzer,Mannheim,2.35,3.29,2.9,1-1,2019-2020
20 Jul 2019 17:45,Magdeburg,Braunschweig,2.19,3.24,3.3,2-4,2019-2020
Unknown 14:00,Duisburg,Grossaspach,1.8,3.51,4.33,4-1,2019-2020
Unknown 14:00,Hansa Rostock,Viktoria Koln,1.99,3.43,3.62,3-3,2019-2020
Unknown 14:00,Kaiserslautern,Unterhaching,1.93,3.45,3.76,1-1,2019-2020
Unknown 14:00,Meppen,Zwickau,2.15,3.31,3.25,0-2,2019-2020
Unknown 14:00,Wurzburger Kickers,Bayern II,1.88,3.55,3.83,3-1,2019-2020
19 Jul 2019 19:00,Munich 1860,Preussen Munster,2.09,3.35,3.4,1-1,2019-2020
