matchDateTime,homeTeamName,awayTeamName,odds_home,odds_draw,odds_away,score,season
24 May 2016 19:10,Duisburg,Wurzburger Kickers,2.53,3.19,2.9,1-2,2015-2016
20 May 2016 19:10,Wurzburger Kickers,Duisburg,2.08,3.22,3.78,2-0,2015-2016
14 May 2016 13:45,Aalen,Werder Bremen II,3.02,3.41,2.21,1-2,2015-2016
Unknown 13:45,Aue,Preussen Munster,1.7,3.71,4.84,3-0,2015-2016
Unknown 13:45,SG Dynamo Dresden,Grossaspach,1.7,3.91,4.46,2-1,2015-2016
Unknown 13:45,Cottbus,Mainz II,1.49,4.19,6.36,2-3,2015-2016
Unknown 13:45,Hansa Rostock,Hallescher,2.24,3.37,3.11,3-1,2015-2016
Unknown 13:45,Holstein Kiel,Erfurt,1.63,3.6,5.16,0-3,2015-2016
Unknown 13:45,Magdeburg,Wurzburger Kickers,1.95,3.58,3.58,0-1,2015-2016
Unknown 13:45,Stutt. Kickers,Chemnitzer,2.09,3.31,3.39,0-1,2015-2016
Unknown 13:45,VfL Osnabruck,Fortuna Koln,1.51,4.11,5.89,1-3,2015-2016
Unknown 13:45,Wehen,Stuttgart II,1.35,4.9,8.36,3-1,2015-2016
07 May 2016 13:30,Chemnitzer,VfL Osnabruck,2.33,3.33,2.99,2-1,2015-2016
Unknown 13:30,Erfurt,Cottbus,2.71,3.21,2.49,0-1,2015-2016
Unknown 13:30,Fortuna Koln,Aue,4.82,3.81,1.69,0-2,2015-2016
Unknown 13:30,Hallescher,Aalen,2.02,3.41,3.62,3-1,2015-2016
Unknown 13:30,Mainz II,Hansa Rostock,2.14,3.33,3.38,4-0,2015-2016
Unknown 13:30,Preussen Munster,SG Dynamo Dresden,3.12,3.19,2.33,2-3,2015-2016
Unknown 13:30,Grossaspach,Wehen,2.25,3.25,3.14,0-1,2015-2016
Unknown 13:30,Stuttgart II,Magdeburg,4.47,3.65,1.68,0-1,2015-2016
Unknown 13:30,Werder Bremen II,Stutt. Kickers,2.37,3.4,2.86,1-0,2015-2016
Unknown 13:30,Wurzburger Kickers,Holstein Kiel,1.68,3.4,5.21,1-1,2015-2016
30 Apr 2016 14:00,Aalen,Mainz II,2.35,3.08,3.19,3-2,2015-2016
Unknown 14:00,SG Dynamo Dresden,Aue,2.41,3.07,3.04,1-1,2015-2016
Unknown 14:00,Cottbus,Wurzburger Kickers,4.17,3.21,1.95,1-2,2015-2016
Unknown 14:00,Hansa Rostock,Erfurt,1.73,3.6,4.82,3-1,2015-2016
Unknown 14:00,Holstein Kiel,Stuttgart II,1.56,3.87,6.14,1-0,2015-2016
Unknown 14:00,Magdeburg,Grossaspach,2.49,3.23,2.83,4-0,2015-2016
Unknown 14:00,Stutt. Kickers,Hallescher,2.04,3.37,3.6,1-0,2015-2016
Unknown 14:00,VfL Osnabruck,Werder Bremen II,1.81,3.57,4.28,3-1,2015-2016
29 Apr 2016 19:00,Fortuna Koln,Chemnitzer,3.01,3.25,2.31,0-3,2015-2016
Unknown 19:00,Wehen,Preussen Munster,1.76,3.54,4.52,0-2,2015-2016
24 Apr 2016 14:00,Aue,Chemnitzer,1.87,3.34,4.35,2-0,2015-2016
23 Apr 2016 14:00,SG Dynamo Dresden,Wehen,1.78,3.49,4.62,4-0,2015-2016
Unknown 14:00,Erfurt,Aalen,2.26,3.2,3.26,2-0,2015-2016
Unknown 14:00,Hallescher,VfL Osnabruck,2.32,3.24,3.11,1-0,2015-2016
Unknown 14:00,Mainz II,Stutt. Kickers,2.32,3.18,3.15,1-2,2015-2016
Unknown 14:00,Grossaspach,Holstein Kiel,2.09,3.22,3.63,0-0,2015-2016
Unknown 14:00,Wurzburger Kickers,Hansa Rostock,1.72,3.49,5.12,2-1,2015-2016
22 Apr 2016 19:00,Preussen Munster,Magdeburg,2.12,3.32,3.47,1-2,2015-2016
Unknown 19:00,Stuttgart II,Cottbus,2.09,3.42,3.4,0-1,2015-2016
Unknown 19:00,Werder Bremen II,Fortuna Koln,2.08,3.34,3.53,1-3,2015-2016
17 Apr 2016 14:00,Fortuna Koln,Hallescher,2.49,3.27,2.8,0-2,2015-2016
16 Apr 2016 14:00,Chemnitzer,Werder Bremen II,1.77,3.51,4.66,2-1,2015-2016
Unknown 14:00,Cottbus,Grossaspach,2.38,3.22,3.0,0-5,2015-2016
Unknown 14:00,Hansa Rostock,Stuttgart II,1.64,3.71,5.46,2-0,2015-2016
Unknown 14:00,Holstein Kiel,Preussen Munster,1.76,3.46,4.56,0-0,2015-2016
Unknown 14:00,Magdeburg,SG Dynamo Dresden,3.17,3.18,2.28,2-2,2015-2016
Unknown 14:00,Stutt. Kickers,Erfurt,1.94,3.42,3.77,0-1,2015-2016
Unknown 14:00,VfL Osnabruck,Mainz II,1.82,3.45,4.5,1-1,2015-2016
15 Apr 2016 19:00,Aalen,Wurzburger Kickers,3.37,3.06,2.28,0-1,2015-2016
Unknown 19:00,Wehen,Aue,3.08,3.12,2.37,1-0,2015-2016
10 Apr 2016 14:00,Hallescher,Chemnitzer,2.55,3.11,2.84,1-2,2015-2016
09 Apr 2016 14:00,Aue,Werder Bremen II,1.57,3.84,5.98,1-0,2015-2016
Unknown 14:00,SG Dynamo Dresden,Holstein Kiel,1.81,3.47,4.48,0-0,2015-2016
Unknown 14:00,Erfurt,VfL Osnabruck,2.65,3.07,2.76,4-2,2015-2016
Unknown 14:00,Mainz II,Fortuna Koln,2.49,3.15,2.8,0-1,2015-2016
Unknown 14:00,Preussen Munster,Cottbus,2.29,3.09,3.32,3-0,2015-2016
Unknown 14:00,Stuttgart II,Aalen,2.63,3.11,2.75,1-1,2015-2016
Unknown 14:00,Wurzburger Kickers,Stutt. Kickers,1.94,3.32,4.08,2-1,2015-2016
08 Apr 2016 19:00,Grossaspach,Hansa Rostock,2.15,3.25,3.38,0-1,2015-2016
Unknown 19:00,Wehen,Magdeburg,2.4,3.12,3.07,0-0,2015-2016
02 Apr 2016 15:30,Stutt. Kickers,Stuttgart II,1.82,3.54,4.29,4-1,2015-2016
Unknown 14:00,Aalen,Grossaspach,2.6,3.21,2.72,0-1,2015-2016
Unknown 14:00,Chemnitzer,Mainz II,1.98,3.29,3.9,5-1,2015-2016
Unknown 14:00,Cottbus,SG Dynamo Dresden,3.37,3.18,2.16,0-2,2015-2016
Unknown 14:00,Fortuna Koln,Erfurt,2.03,3.4,3.61,1-3,2015-2016
Unknown 14:00,Hansa Rostock,Preussen Munster,1.75,3.39,4.82,0-0,2015-2016
Unknown 14:00,Holstein Kiel,Wehen,1.58,3.8,6.0,1-1,2015-2016
Unknown 14:00,VfL Osnabruck,Wurzburger Kickers,2.88,3.14,2.52,1-1,2015-2016
Unknown 14:00,Werder Bremen II,Hallescher,2.67,3.16,2.67,2-0,2015-2016
01 Apr 2016 20:30,Magdeburg,Aue,2.8,2.97,2.7,0-3,2015-2016
24 Mar 2016 19:00,Chemnitzer,Cottbus,2.31,3.03,3.33,4-0,2015-2016
20 Mar 2016 14:00,Erfurt,Chemnitzer,2.4,3.1,3.04,0-2,2015-2016
Unknown 14:00,Magdeburg,Holstein Kiel,2.31,3.19,3.15,0-1,2015-2016
19 Mar 2016 14:00,SG Dynamo Dresden,Hansa Rostock,1.57,3.8,6.21,2-2,2015-2016
Unknown 14:00,Mainz II,Werder Bremen II,1.75,3.55,4.79,2-2,2015-2016
Unknown 14:00,Preussen Munster,Aalen,2.16,3.12,3.56,0-2,2015-2016
Unknown 14:00,Grossaspach,Stutt. Kickers,2.2,3.26,3.3,1-1,2015-2016
Unknown 14:00,Wehen,Cottbus,2.36,3.16,3.07,0-0,2015-2016
18 Mar 2016 19:00,Stuttgart II,VfL Osnabruck,3.13,3.16,2.34,0-1,2015-2016
Unknown 19:00,Wurzburger Kickers,Fortuna Koln,1.63,3.67,5.45,4-1,2015-2016
Unknown 17:30,Aue,Hallescher,1.82,3.44,4.46,4-0,2015-2016
12 Mar 2016 14:00,Chemnitzer,Wurzburger Kickers,2.79,2.92,2.71,0-1,2015-2016
Unknown 14:00,Cottbus,Magdeburg,2.4,3.12,3.05,2-0,2015-2016
Unknown 14:00,Fortuna Koln,Stuttgart II,1.76,3.69,4.46,1-3,2015-2016
Unknown 14:00,Hansa Rostock,Wehen,2.04,3.13,3.98,4-0,2015-2016
Unknown 14:00,Holstein Kiel,Aue,2.61,2.94,2.71,3-0,2015-2016
Unknown 14:00,Stutt. Kickers,Preussen Munster,1.99,3.29,3.86,1-0,2015-2016
Unknown 14:00,VfL Osnabruck,Grossaspach,2.1,3.3,3.5,2-2,2015-2016
Unknown 14:00,Werder Bremen II,Erfurt,2.17,3.15,3.43,0-1,2015-2016
11 Mar 2016 19:00,Aalen,SG Dynamo Dresden,3.43,3.27,2.14,0-0,2015-2016
Unknown 19:00,Hallescher,Mainz II,2.05,3.2,3.82,1-1,2015-2016
06 Mar 2016 14:00,Aue,Mainz II,1.91,3.2,4.21,1-0,2015-2016
Unknown 14:00,SG Dynamo Dresden,Stutt. Kickers,1.51,4.14,6.23,1-1,2015-2016
Unknown 14:00,Preussen Munster,VfL Osnabruck,2.07,3.27,3.7,0-0,2015-2016
Unknown 14:00,Stuttgart II,Chemnitzer,3.05,3.23,2.35,1-1,2015-2016
05 Mar 2016 14:00,Erfurt,Hallescher,2.51,3.21,2.71,1-1,2015-2016
Unknown 14:00,Grossaspach,Fortuna Koln,1.84,3.34,4.17,1-1,2015-2016
Unknown 14:00,Wurzburger Kickers,Werder Bremen II,1.57,3.83,6.05,1-1,2015-2016
05 Mar 2016 14:00,Holstein Kiel,Cottbus,1.77,3.49,4.49,1-2,2015-2016
Unknown 14:00,Magdeburg,Hansa Rostock,2.22,3.15,3.38,4-1,2015-2016
Unknown 14:00,Wehen,Aalen,2.4,3.11,3.06,0-1,2015-2016
02 Mar 2016 20:30,VfL Osnabruck,SG Dynamo Dresden,3.09,3.07,2.38,0-3,2015-2016
Unknown 19:00,Mainz II,Erfurt,2.1,3.29,3.51,1-0,2015-2016
Unknown 19:00,Stutt. Kickers,Wehen,2.25,3.21,3.28,1-0,2015-2016
Unknown 18:30,Aalen,Magdeburg,2.03,3.14,3.99,0-0,2015-2016
Unknown 18:30,Cottbus,Aue,2.93,3.05,2.5,0-0,2015-2016
01 Mar 2016 19:00,Fortuna Koln,Preussen Munster,2.03,3.31,3.7,2-1,2015-2016
Unknown 19:00,Hallescher,Wurzburger Kickers,2.52,2.99,3.0,1-3,2015-2016
Unknown 19:00,Hansa Rostock,Holstein Kiel,2.93,2.99,2.59,1-0,2015-2016
Unknown 19:00,Werder Bremen II,Stuttgart II,2.0,3.42,3.67,0-1,2015-2016
Unknown 18:30,Chemnitzer,Grossaspach,2.27,3.25,3.16,0-2,2015-2016
28 Feb 2016 14:00,Aue,Erfurt,1.56,3.78,6.23,2-2,2015-2016
Unknown 14:00,Magdeburg,Stutt. Kickers,1.99,3.26,3.89,2-1,2015-2016
27 Feb 2016 14:00,SG Dynamo Dresden,Fortuna Koln,1.5,4.25,6.24,4-0,2015-2016
Unknown 14:00,Cottbus,Hansa Rostock,2.34,3.08,3.22,0-1,2015-2016
Unknown 14:00,Holstein Kiel,Aalen,1.67,3.55,5.51,1-0,2015-2016
Unknown 14:00,Preussen Munster,Chemnitzer,2.45,3.08,3.01,3-1,2015-2016
Unknown 14:00,Grossaspach,Werder Bremen II,1.83,3.55,4.32,0-1,2015-2016
Unknown 14:00,Wehen,VfL Osnabruck,2.39,3.1,3.1,0-2,2015-2016
Unknown 14:00,Wurzburger Kickers,Mainz II,2.03,3.14,3.97,1-0,2015-2016
26 Feb 2016 19:00,Stuttgart II,Hallescher,3.13,3.34,2.18,1-1,2015-2016
21 Feb 2016 14:00,Erfurt,Wurzburger Kickers,3.37,3.09,2.21,1-0,2015-2016
20 Feb 2016 15:00,Chemnitzer,SG Dynamo Dresden,3.31,3.14,2.26,2-2,2015-2016
Unknown 14:00,Aalen,Cottbus,2.31,3.12,3.22,3-0,2015-2016
Unknown 14:00,Fortuna Koln,Wehen,2.27,3.21,3.19,4-1,2015-2016
Unknown 14:00,Hallescher,Grossaspach,2.21,3.28,3.29,4-1,2015-2016
Unknown 14:00,Hansa Rostock,Aue,2.66,3.01,2.8,0-2,2015-2016
Unknown 14:00,Mainz II,Stuttgart II,1.68,3.59,5.22,3-1,2015-2016
Unknown 14:00,VfL Osnabruck,Magdeburg,2.23,3.08,3.43,2-0,2015-2016
Unknown 14:00,Werder Bremen II,Preussen Munster,2.14,3.18,3.49,0-0,2015-2016
19 Feb 2016 19:00,Stutt. Kickers,Holstein Kiel,2.78,3.12,2.61,0-0,2015-2016
17 Feb 2016 19:00,Wurzburger Kickers,Preussen Munster,1.85,3.3,4.49,3-0,2015-2016
14 Feb 2016 14:00,Aue,Wurzburger Kickers,2.25,3.07,3.41,0-0,2015-2016
Unknown 14:00,SG Dynamo Dresden,Werder Bremen II,1.35,4.85,8.48,2-1,2015-2016
13 Feb 2016 14:00,Cottbus,Stutt. Kickers,1.99,3.35,3.79,1-2,2015-2016
Unknown 14:00,Hansa Rostock,Aalen,2.27,3.11,3.3,3-0,2015-2016
Unknown 14:00,Holstein Kiel,VfL Osnabruck,2.03,3.35,3.66,0-1,2015-2016
Unknown 14:00,Magdeburg,Fortuna Koln,1.74,3.59,4.71,0-0,2015-2016
Unknown 14:00,Preussen Munster,Hallescher,2.18,3.23,3.17,0-1,2015-2016
Unknown 14:00,Grossaspach,Mainz II,1.86,3.29,3.91,0-3,2015-2016
Unknown 14:00,Wehen,Chemnitzer,2.26,3.16,3.32,1-1,2015-2016
12 Feb 2016 19:00,Stuttgart II,Erfurt,2.24,3.19,3.3,1-2,2015-2016
07 Feb 2016 14:00,Fortuna Koln,Holstein Kiel,2.43,3.24,2.8,2-3,2015-2016
Unknown 14:00,Hallescher,SG Dynamo Dresden,3.06,3.26,2.19,0-0,2015-2016
06 Feb 2016 14:00,Erfurt,Grossaspach,3.01,3.23,2.37,0-2,2015-2016
Unknown 14:00,Stutt. Kickers,Hansa Rostock,2.37,3.22,3.04,2-0,2015-2016
Unknown 14:00,Werder Bremen II,Wehen,2.88,3.25,2.44,1-0,2015-2016
Unknown 14:00,Wurzburger Kickers,Stuttgart II,1.66,3.75,5.06,0-0,2015-2016
06 Feb 2016 14:00,Mainz II,Preussen Munster,2.13,3.13,3.49,2-3,2015-2016
05 Feb 2016 19:00,Aalen,Aue,2.38,3.09,3.13,0-2,2015-2016
Unknown 19:00,VfL Osnabruck,Cottbus,1.92,3.47,3.94,0-0,2015-2016
Unknown 17:00,Chemnitzer,Magdeburg,2.4,3.1,3.09,0-0,2015-2016
31 Jan 2016 14:00,Cottbus,Fortuna Koln,2.1,3.36,3.44,0-0,2015-2016
Unknown 14:00,Wehen,Hallescher,2.09,3.38,3.46,1-0,2015-2016
30 Jan 2016 14:00,Aalen,Stutt. Kickers,2.27,3.14,3.3,3-0,2015-2016
Unknown 14:00,Aue,Stuttgart II,1.44,4.1,8.04,1-0,2015-2016
Unknown 14:00,SG Dynamo Dresden,Mainz II,1.51,4.01,6.57,3-0,2015-2016
Unknown 14:00,Hansa Rostock,VfL Osnabruck,2.48,3.14,2.95,0-0,2015-2016
Unknown 14:00,Holstein Kiel,Chemnitzer,1.99,3.32,3.86,5-2,2015-2016
Unknown 14:00,Magdeburg,Werder Bremen II,1.63,3.73,5.31,1-1,2015-2016
Unknown 14:00,Preussen Munster,Erfurt,1.87,3.33,4.05,2-0,2015-2016
Unknown 14:00,Grossaspach,Wurzburger Kickers,2.26,3.28,3.18,1-2,2015-2016
24 Jan 2016 14:00,Hallescher,Magdeburg,2.04,3.33,3.71,1-2,2015-2016
Unknown 14:00,Stuttgart II,Grossaspach,3.28,3.32,2.13,0-3,2015-2016
Unknown 14:00,Werder Bremen II,Holstein Kiel,3.68,3.28,2.07,2-1,2015-2016
23 Jan 2016 14:00,Erfurt,SG Dynamo Dresden,4.28,3.54,1.83,3-2,2015-2016
Unknown 14:00,Mainz II,Wehen,2.21,3.26,3.3,0-0,2015-2016
Unknown 14:00,VfL Osnabruck,Aalen,1.86,3.37,4.4,2-1,2015-2016
22 Jan 2016 19:00,Fortuna Koln,Hansa Rostock,2.32,3.22,3.18,5-1,2015-2016
Unknown 19:00,Stutt. Kickers,Aue,2.98,3.18,2.32,1-1,2015-2016
19 Dec 2015 14:00,Aalen,Fortuna Koln,2.23,3.22,3.25,0-2,2015-2016
Unknown 14:00,Aue,Grossaspach,2.3,3.18,3.17,2-0,2015-2016
Unknown 14:00,Cottbus,Werder Bremen II,1.83,3.48,4.34,1-1,2015-2016
Unknown 14:00,Hansa Rostock,Chemnitzer,2.06,3.27,3.67,1-0,2015-2016
Unknown 14:00,Magdeburg,Mainz II,1.95,3.26,3.95,3-1,2015-2016
Unknown 14:00,Preussen Munster,Stuttgart II,1.61,3.82,5.56,1-2,2015-2016
18 Dec 2015 20:00,Wehen,Erfurt,1.75,3.57,4.49,3-0,2015-2016
Unknown 19:00,Holstein Kiel,Hallescher,1.93,3.39,3.99,0-4,2015-2016
Unknown 19:00,Stutt. Kickers,VfL Osnabruck,2.68,3.09,2.47,2-2,2015-2016
17 Dec 2015 20:30,SG Dynamo Dresden,Wurzburger Kickers,1.84,3.3,4.54,2-1,2015-2016
14 Dec 2015 18:30,Erfurt,Magdeburg,2.86,3.11,2.48,0-2,2015-2016
13 Dec 2015 14:00,Hallescher,Cottbus,2.08,3.3,3.59,1-1,2015-2016
Unknown 14:00,Werder Bremen II,Hansa Rostock,2.74,3.18,2.62,1-1,2015-2016
12 Dec 2015 14:00,Chemnitzer,Aalen,1.84,3.4,4.38,1-1,2015-2016
Unknown 14:00,Fortuna Koln,Stutt. Kickers,2.14,3.31,3.38,3-1,2015-2016
Unknown 14:00,Mainz II,Holstein Kiel,2.49,3.18,2.86,0-0,2015-2016
Unknown 14:00,Grossaspach,Preussen Munster,2.0,3.3,3.85,3-1,2015-2016
Unknown 14:00,VfL Osnabruck,Aue,2.34,3.16,3.12,0-0,2015-2016
Unknown 14:00,Wurzburger Kickers,Wehen,1.83,3.2,4.5,0-0,2015-2016
11 Dec 2015 19:00,Stuttgart II,SG Dynamo Dresden,5.29,3.9,1.62,1-1,2015-2016
05 Dec 2015 14:00,Chemnitzer,Stutt. Kickers,2.16,3.31,3.3,1-0,2015-2016
Unknown 14:00,Erfurt,Holstein Kiel,2.82,3.18,2.52,1-3,2015-2016
Unknown 14:00,Hallescher,Hansa Rostock,2.01,3.27,3.83,2-0,2015-2016
Unknown 14:00,Mainz II,Cottbus,2.23,3.25,3.24,0-1,2015-2016
Unknown 14:00,Preussen Munster,Aue,2.31,3.13,3.19,0-1,2015-2016
Unknown 14:00,Stuttgart II,Wehen,2.87,3.21,2.48,1-2,2015-2016
Unknown 14:00,Werder Bremen II,Aalen,2.27,3.22,3.19,1-1,2015-2016
Unknown 14:00,Wurzburger Kickers,Magdeburg,1.89,3.3,4.36,1-1,2015-2016
04 Dec 2015 19:00,Fortuna Koln,VfL Osnabruck,2.39,3.22,2.97,3-1,2015-2016
Unknown 19:00,Grossaspach,SG Dynamo Dresden,3.17,3.32,2.23,0-0,2015-2016
29 Nov 2015 14:00,Aue,Fortuna Koln,1.83,3.48,4.28,2-0,2015-2016
28 Nov 2015 14:00,Aalen,Hallescher,2.92,3.06,2.42,0-0,2015-2016
Unknown 14:00,SG Dynamo Dresden,Preussen Munster,1.53,3.93,6.32,0-0,2015-2016
Unknown 14:00,Cottbus,Erfurt,2.06,3.38,3.5,2-1,2015-2016
Unknown 14:00,Hansa Rostock,Mainz II,2.36,3.19,3.06,1-0,2015-2016
Unknown 14:00,Holstein Kiel,Wurzburger Kickers,2.09,3.16,3.67,1-2,2015-2016
Unknown 14:00,Magdeburg,Stuttgart II,1.68,3.72,5.04,2-2,2015-2016
Unknown 14:00,Stutt. Kickers,Werder Bremen II,1.61,3.88,5.36,0-2,2015-2016
Unknown 14:00,VfL Osnabruck,Chemnitzer,2.07,3.3,3.58,2-0,2015-2016
Unknown 14:00,Wehen,Grossaspach,2.53,3.25,2.76,2-2,2015-2016
22 Nov 2015 14:00,Chemnitzer,Fortuna Koln,2.05,3.46,3.5,3-1,2015-2016
21 Nov 2015 14:00,Aue,SG Dynamo Dresden,3.0,3.23,2.38,1-1,2015-2016
Unknown 14:00,Erfurt,Hansa Rostock,2.41,3.2,2.94,3-2,2015-2016
Unknown 14:00,Hallescher,Stutt. Kickers,2.21,3.32,3.22,1-1,2015-2016
Unknown 14:00,Mainz II,Aalen,2.05,3.32,3.64,1-0,2015-2016
Unknown 14:00,Preussen Munster,Wehen,2.03,3.29,3.71,0-0,2015-2016
Unknown 14:00,Grossaspach,Magdeburg,2.04,3.39,3.61,1-0,2015-2016
Unknown 14:00,Werder Bremen II,VfL Osnabruck,3.23,3.25,2.21,0-1,2015-2016
Unknown 14:00,Wurzburger Kickers,Cottbus,1.79,3.45,4.66,2-2,2015-2016
20 Nov 2015 19:00,Stuttgart II,Holstein Kiel,3.65,3.4,2.01,1-3,2015-2016
07 Nov 2015 14:00,Aalen,Erfurt,1.82,3.42,4.68,2-2,2015-2016
Unknown 14:00,Chemnitzer,Aue,2.22,3.03,3.13,1-2,2015-2016
Unknown 14:00,Cottbus,Stuttgart II,1.91,3.23,3.98,2-2,2015-2016
Unknown 14:00,Fortuna Koln,Werder Bremen II,1.92,3.58,3.78,2-1,2015-2016
Unknown 14:00,Hansa Rostock,Wurzburger Kickers,2.64,3.13,2.73,0-0,2015-2016
Unknown 14:00,Holstein Kiel,Grossaspach,2.13,3.36,3.36,3-1,2015-2016
Unknown 14:00,Magdeburg,Preussen Munster,2.54,3.2,2.8,3-0,2015-2016
Unknown 14:00,Stutt. Kickers,Mainz II,2.04,3.33,3.63,1-4,2015-2016
06 Nov 2015 19:00,VfL Osnabruck,Hallescher,1.96,3.45,3.74,2-0,2015-2016
Unknown 19:00,Wehen,SG Dynamo Dresden,3.55,3.4,2.05,2-2,2015-2016
01 Nov 2015 14:00,Werder Bremen II,Chemnitzer,3.31,3.3,2.2,3-2,2015-2016
31 Oct 2015 14:00,SG Dynamo Dresden,Magdeburg,1.53,4.04,6.26,3-2,2015-2016
Unknown 14:00,Erfurt,Stutt. Kickers,3.06,3.18,2.33,1-0,2015-2016
Unknown 14:00,Hallescher,Fortuna Koln,1.75,3.7,4.48,1-1,2015-2016
Unknown 14:00,Mainz II,VfL Osnabruck,2.47,3.21,2.88,0-0,2015-2016
Unknown 14:00,Preussen Munster,Holstein Kiel,2.42,3.08,3.08,2-0,2015-2016
Unknown 14:00,Grossaspach,Cottbus,1.88,3.4,4.22,1-1,2015-2016
Unknown 14:00,Wurzburger Kickers,Aalen,2.0,3.23,3.93,2-2,2015-2016
30 Oct 2015 19:00,Aue,Wehen,1.99,3.26,3.75,1-1,2015-2016
Unknown 19:00,Stuttgart II,Hansa Rostock,2.58,3.13,2.67,3-1,2015-2016
25 Oct 2015 15:00,Chemnitzer,Hallescher,2.27,3.22,3.19,3-1,2015-2016
24 Oct 2015 14:00,Aalen,Stuttgart II,1.81,3.45,4.48,1-0,2015-2016
Unknown 14:00,Cottbus,Preussen Munster,2.43,3.28,2.89,0-0,2015-2016
Unknown 14:00,Fortuna Koln,Mainz II,2.56,3.26,2.72,3-1,2015-2016
Unknown 14:00,Hansa Rostock,Grossaspach,2.38,3.19,3.01,1-3,2015-2016
Unknown 14:00,Holstein Kiel,SG Dynamo Dresden,2.49,3.26,2.82,1-2,2015-2016
Unknown 14:00,Magdeburg,Wehen,2.18,3.17,3.02,1-0,2015-2016
Unknown 14:00,Stutt. Kickers,Wurzburger Kickers,2.04,3.33,3.83,1-2,2015-2016
24 Oct 2015 14:00,VfL Osnabruck,Erfurt,1.67,3.65,5.3,1-0,2015-2016
23 Oct 2015 19:00,Werder Bremen II,Aue,3.25,3.08,2.27,4-0,2015-2016
18 Oct 2015 15:30,Stuttgart II,Stutt. Kickers,3.64,3.36,2.03,2-1,2015-2016
Unknown 14:00,Aue,Magdeburg,2.03,3.22,3.83,0-0,2015-2016
17 Oct 2015 14:00,SG Dynamo Dresden,Cottbus,1.41,4.53,7.63,0-1,2015-2016
Unknown 14:00,Erfurt,Fortuna Koln,1.95,3.52,3.8,0-2,2015-2016
Unknown 14:00,Hallescher,Werder Bremen II,1.51,4.08,6.37,6-2,2015-2016
Unknown 14:00,Mainz II,Chemnitzer,2.19,3.23,3.37,0-0,2015-2016
Unknown 14:00,Grossaspach,Aalen,2.08,3.37,3.46,2-0,2015-2016
Unknown 14:00,Wehen,Holstein Kiel,3.0,3.14,2.43,3-1,2015-2016
Unknown 14:00,Wurzburger Kickers,VfL Osnabruck,2.26,3.14,3.32,0-1,2015-2016
16 Oct 2015 19:00,Preussen Munster,Hansa Rostock,2.05,3.33,3.34,1-1,2015-2016
04 Oct 2015 14:00,Cottbus,Wehen,2.08,3.33,3.56,2-2,2015-2016
03 Oct 2015 14:00,Aalen,Preussen Munster,2.12,3.29,3.44,0-0,2015-2016
Unknown 14:00,Fortuna Koln,Wurzburger Kickers,2.77,3.1,2.62,0-3,2015-2016
Unknown 14:00,Hallescher,Aue,2.29,3.21,3.16,1-0,2015-2016
Unknown 14:00,Hansa Rostock,SG Dynamo Dresden,3.68,3.48,1.98,1-3,2015-2016
Unknown 14:00,Stutt. Kickers,Grossaspach,1.84,3.62,4.19,0-4,2015-2016
Unknown 14:00,VfL Osnabruck,Stuttgart II,1.62,3.83,5.41,1-1,2015-2016
Unknown 14:00,Werder Bremen II,Mainz II,3.39,3.37,2.11,2-1,2015-2016
02 Oct 2015 19:00,Holstein Kiel,Magdeburg,1.75,3.58,4.6,0-0,2015-2016
01 Oct 2015 19:30,Chemnitzer,Erfurt,1.81,3.4,4.45,1-1,2015-2016
27 Sep 2015 14:00,SG Dynamo Dresden,Aalen,1.66,3.74,5.25,4-0,2015-2016
Unknown 14:00,Stuttgart II,Fortuna Koln,2.46,3.34,2.89,3-0,2015-2016
26 Sep 2015 14:00,Aue,Holstein Kiel,2.35,3.21,3.07,0-0,2015-2016
Unknown 14:00,Erfurt,Werder Bremen II,1.84,3.55,4.18,2-1,2015-2016
Unknown 14:00,Magdeburg,Cottbus,1.74,3.58,4.74,2-2,2015-2016
Unknown 14:00,Preussen Munster,Stutt. Kickers,2.36,3.15,3.1,4-2,2015-2016
Unknown 14:00,Grossaspach,VfL Osnabruck,2.35,3.27,3.01,3-3,2015-2016
Unknown 14:00,Wehen,Hansa Rostock,2.35,3.23,3.04,0-0,2015-2016
25 Sep 2015 19:00,Mainz II,Hallescher,2.07,3.27,3.37,2-0,2015-2016
Unknown 19:00,Wurzburger Kickers,Chemnitzer,2.37,3.1,3.1,1-1,2015-2016
23 Sep 2015 20:30,Hansa Rostock,Magdeburg,2.34,3.29,3.01,1-1,2015-2016
Unknown 19:00,Cottbus,Holstein Kiel,2.88,3.25,2.45,1-2,2015-2016
Unknown 19:00,Fortuna Koln,Grossaspach,2.57,3.34,2.64,2-2,2015-2016
Unknown 19:00,Stutt. Kickers,SG Dynamo Dresden,2.67,3.38,2.53,1-2,2015-2016
Unknown 18:00,VfL Osnabruck,Preussen Munster,2.23,3.24,3.12,2-2,2015-2016
22 Sep 2015 19:00,Aalen,Wehen,1.93,3.42,3.95,3-1,2015-2016
Unknown 19:00,Chemnitzer,Stuttgart II,1.51,3.71,6.37,2-1,2015-2016
Unknown 19:00,Hallescher,Erfurt,1.76,3.67,4.48,2-1,2015-2016
Unknown 19:00,Werder Bremen II,Wurzburger Kickers,3.03,3.23,2.36,0-0,2015-2016
Unknown 18:30,Mainz II,Aue,2.43,3.14,2.99,1-1,2015-2016
19 Sep 2015 14:00,SG Dynamo Dresden,VfL Osnabruck,1.63,3.83,5.3,2-1,2015-2016
Unknown 14:00,Erfurt,Mainz II,2.92,3.24,2.43,3-0,2015-2016
Unknown 14:00,Holstein Kiel,Hansa Rostock,1.9,3.41,4.09,0-0,2015-2016
Unknown 14:00,Preussen Munster,Fortuna Koln,1.7,3.67,4.9,3-1,2015-2016
Unknown 14:00,Grossaspach,Chemnitzer,2.44,3.01,2.75,4-2,2015-2016
Unknown 14:00,Stuttgart II,Werder Bremen II,2.1,3.49,3.32,1-1,2015-2016
Unknown 14:00,Wehen,Stutt. Kickers,2.69,3.22,2.58,3-3,2015-2016
Unknown 14:00,Wurzburger Kickers,Hallescher,2.08,3.26,3.65,0-1,2015-2016
18 Sep 2015 20:30,Aue,Cottbus,1.8,3.52,4.46,1-0,2015-2016
Unknown 19:00,Magdeburg,Aalen,2.3,3.18,3.17,1-2,2015-2016
15 Sep 2015 19:00,Stuttgart II,Mainz II,3.37,3.35,2.11,1-1,2015-2016
Unknown 18:30,Magdeburg,VfL Osnabruck,2.79,3.22,2.54,3-0,2015-2016
Unknown 18:30,Grossaspach,Hallescher,2.41,3.33,2.89,0-0,2015-2016
13 Sep 2015 14:00,Aalen,Holstein Kiel,2.11,3.23,3.54,0-0,2015-2016
12 Sep 2015 14:00,Chemnitzer,Preussen Munster,2.02,3.39,3.63,0-1,2015-2016
Unknown 14:00,Erfurt,Aue,3.11,3.03,2.34,0-1,2015-2016
Unknown 14:00,Fortuna Koln,SG Dynamo Dresden,3.81,3.55,1.92,1-5,2015-2016
Unknown 14:00,Hallescher,Stuttgart II,1.6,3.93,5.31,3-0,2015-2016
Unknown 14:00,Mainz II,Wurzburger Kickers,2.2,3.24,3.4,1-0,2015-2016
Unknown 14:00,VfL Osnabruck,Wehen,2.07,3.33,3.59,4-0,2015-2016
Unknown 14:00,Werder Bremen II,Grossaspach,2.4,3.33,2.87,0-4,2015-2016
11 Sep 2015 19:00,Hansa Rostock,Cottbus,2.08,3.37,3.52,1-1,2015-2016
Unknown 19:00,Stutt. Kickers,Magdeburg,1.71,3.74,4.82,1-0,2015-2016
06 Sep 2015 14:00,SG Dynamo Dresden,Chemnitzer,1.82,3.55,4.29,1-0,2015-2016
05 Sep 2015 14:00,Aue,Hansa Rostock,1.86,3.37,4.39,0-0,2015-2016
Unknown 14:00,Cottbus,Aalen,2.1,3.27,3.58,0-4,2015-2016
Unknown 14:00,Holstein Kiel,Stutt. Kickers,2.14,3.31,3.45,1-2,2015-2016
Unknown 14:00,Preussen Munster,Werder Bremen II,1.84,3.58,4.2,3-1,2015-2016
Unknown 14:00,Wehen,Fortuna Koln,2.18,3.4,3.24,3-0,2015-2016
Unknown 14:00,Wurzburger Kickers,Erfurt,1.83,3.37,4.34,0-0,2015-2016
30 Aug 2015 14:00,Aalen,Hansa Rostock,2.03,3.27,3.78,1-1,2015-2016
Unknown 14:00,Mainz II,Grossaspach,1.93,3.41,3.92,2-1,2015-2016
29 Aug 2015 14:00,Chemnitzer,Wehen,1.71,3.48,5.03,1-0,2015-2016
Unknown 14:00,Erfurt,Stuttgart II,2.06,3.35,3.58,3-0,2015-2016
Unknown 14:00,Hallescher,Preussen Munster,1.9,3.41,4.11,1-3,2015-2016
Unknown 14:00,Stutt. Kickers,Cottbus,1.91,3.31,3.98,0-0,2015-2016
Unknown 14:00,VfL Osnabruck,Holstein Kiel,2.14,3.31,3.42,3-2,2015-2016
Unknown 14:00,Werder Bremen II,SG Dynamo Dresden,4.49,3.67,1.76,1-2,2015-2016
Unknown 14:00,Wurzburger Kickers,Aue,2.18,3.19,3.45,1-0,2015-2016
28 Aug 2015 19:00,Fortuna Koln,Magdeburg,2.33,3.29,2.95,2-1,2015-2016
26 Aug 2015 20:30,SG Dynamo Dresden,Hallescher,1.68,3.79,4.93,3-2,2015-2016
Unknown 19:00,Aue,Aalen,2.05,3.24,3.5,1-0,2015-2016
Unknown 19:00,Hansa Rostock,Stutt. Kickers,2.36,3.23,3.02,0-1,2015-2016
Unknown 19:00,Preussen Munster,Mainz II,2.19,3.26,3.34,0-1,2015-2016
Unknown 18:30,Grossaspach,Erfurt,2.13,3.25,3.35,2-2,2015-2016
25 Aug 2015 20:30,Magdeburg,Chemnitzer,2.28,3.27,3.12,2-0,2015-2016
Unknown 19:00,Cottbus,VfL Osnabruck,2.33,3.21,3.15,1-2,2015-2016
Unknown 19:00,Holstein Kiel,Fortuna Koln,1.65,3.76,5.19,2-2,2015-2016
Unknown 19:00,Stuttgart II,Wurzburger Kickers,2.68,3.18,2.67,0-2,2015-2016
Unknown 19:00,Wehen,Werder Bremen II,2.07,3.39,3.57,3-1,2015-2016
23 Aug 2015 14:00,Mainz II,SG Dynamo Dresden,2.88,3.24,2.46,1-1,2015-2016
Unknown 14:00,Stutt. Kickers,Aalen,2.04,3.2,3.65,0-0,2015-2016
22 Aug 2015 14:00,Chemnitzer,Holstein Kiel,2.14,3.24,3.46,4-2,2015-2016
Unknown 14:00,Erfurt,Preussen Munster,2.47,3.24,2.86,1-1,2015-2016
Unknown 14:00,Hallescher,Wehen,2.08,3.39,3.52,3-0,2015-2016
Unknown 14:00,Stuttgart II,Aue,2.71,3.21,2.62,1-2,2015-2016
Unknown 14:00,Wurzburger Kickers,Grossaspach,1.85,3.46,4.27,0-1,2015-2016
Unknown 13:30,VfL Osnabruck,Hansa Rostock,2.0,3.39,3.74,0-1,2015-2016
21 Aug 2015 19:00,Fortuna Koln,Cottbus,2.91,3.25,2.42,3-0,2015-2016
Unknown 19:00,Werder Bremen II,Magdeburg,2.69,3.33,2.56,1-1,2015-2016
16 Aug 2015 14:00,Magdeburg,Hallescher,2.06,3.34,3.59,2-1,2015-2016
15 Aug 2015 14:00,Aue,Stutt. Kickers,2.18,3.26,3.38,2-0,2015-2016
Unknown 14:00,Cottbus,Chemnitzer,2.23,3.26,3.25,0-1,2015-2016
Unknown 14:00,Hansa Rostock,Fortuna Koln,1.78,3.62,4.45,4-2,2015-2016
Unknown 14:00,Holstein Kiel,Werder Bremen II,1.82,3.54,4.35,3-0,2015-2016
Unknown 14:00,Preussen Munster,Wurzburger Kickers,2.46,3.19,2.91,0-0,2015-2016
Unknown 14:00,Grossaspach,Stuttgart II,2.01,3.43,3.67,1-3,2015-2016
Unknown 14:00,Wehen,Mainz II,2.36,3.24,2.97,1-1,2015-2016
14 Aug 2015 19:00,Aalen,VfL Osnabruck,2.29,3.25,3.15,1-0,2015-2016
13 Aug 2015 20:30,SG Dynamo Dresden,Erfurt,1.54,4.02,6.09,3-1,2015-2016
02 Aug 2015 14:00,Hallescher,Holstein Kiel,2.16,3.27,3.39,0-2,2015-2016
Unknown 14:00,Grossaspach,Aue,2.45,3.22,2.89,2-0,2015-2016
01 Aug 2015 14:00,Chemnitzer,Hansa Rostock,1.72,3.47,4.84,1-1,2015-2016
Unknown 14:00,Erfurt,Wehen,2.26,3.23,3.17,0-0,2015-2016
Unknown 14:00,Fortuna Koln,Aalen,3.02,3.22,2.37,1-1,2015-2016
Unknown 14:00,VfL Osnabruck,Stutt. Kickers,2.27,3.21,3.2,1-1,2015-2016
Unknown 14:00,Werder Bremen II,Cottbus,2.22,3.27,3.22,0-2,2015-2016
Unknown 14:00,Wurzburger Kickers,SG Dynamo Dresden,2.79,3.22,2.52,1-1,2015-2016
31 Jul 2015 19:00,Mainz II,Magdeburg,2.57,3.28,2.69,2-2,2015-2016
Unknown 19:00,Stuttgart II,Preussen Munster,2.71,3.23,2.59,1-3,2015-2016
26 Jul 2015 14:00,Cottbus,Hallescher,2.13,3.28,3.45,2-0,2015-2016
25 Jul 2015 14:00,Aalen,Chemnitzer,2.47,3.17,2.94,0-0,2015-2016
Unknown 14:00,Aue,VfL Osnabruck,2.4,3.14,2.87,0-0,2015-2016
Unknown 14:00,SG Dynamo Dresden,Stuttgart II,1.5,4.05,6.52,4-1,2015-2016
Unknown 14:00,Hansa Rostock,Werder Bremen II,2.16,3.34,3.31,1-2,2015-2016
Unknown 14:00,Holstein Kiel,Mainz II,1.76,3.54,4.69,0-4,2015-2016
Unknown 14:00,Preussen Munster,Grossaspach,1.93,3.4,3.97,1-1,2015-2016
Unknown 14:00,Stutt. Kickers,Fortuna Koln,1.63,3.69,5.64,2-1,2015-2016
Unknown 14:00,Wehen,Wurzburger Kickers,2.54,3.19,2.81,0-0,2015-2016
24 Jul 2015 20:30,Magdeburg,Erfurt,1.71,3.38,4.69,2-1,2015-2016
